free_memory,allocated_memory,max_memory,total_memory,milliseconds
84951.0,131072.0,2097152.0,2051031.0,1629125234961
84951.0,131072.0,2097152.0,2051031.0,1629125234962
84951.0,131072.0,2097152.0,2051031.0,1629125234962
84951.0,131072.0,2097152.0,2051031.0,1629125234962
84423.0,131072.0,2097152.0,2050503.0,1629125234962
84423.0,131072.0,2097152.0,2050503.0,1629125234962
84423.0,131072.0,2097152.0,2050503.0,1629125234963
84423.0,131072.0,2097152.0,2050503.0,1629125234963
84423.0,131072.0,2097152.0,2050503.0,1629125234969
84423.0,131072.0,2097152.0,2050503.0,1629125234969
84423.0,131072.0,2097152.0,2050503.0,1629125234969
84423.0,131072.0,2097152.0,2050503.0,1629125234970
84423.0,131072.0,2097152.0,2050503.0,1629125234970
84423.0,131072.0,2097152.0,2050503.0,1629125234970
84423.0,131072.0,2097152.0,2050503.0,1629125234970
84423.0,131072.0,2097152.0,2050503.0,1629125234970
84423.0,131072.0,2097152.0,2050503.0,1629125234971
84423.0,131072.0,2097152.0,2050503.0,1629125234971
84423.0,131072.0,2097152.0,2050503.0,1629125234972
84423.0,131072.0,2097152.0,2050503.0,1629125234972
84423.0,131072.0,2097152.0,2050503.0,1629125234972
84423.0,131072.0,2097152.0,2050503.0,1629125234972
84423.0,131072.0,2097152.0,2050503.0,1629125234972
84423.0,131072.0,2097152.0,2050503.0,1629125234972
83927.0,131072.0,2097152.0,2050007.0,1629125234973
83927.0,131072.0,2097152.0,2050007.0,1629125234973
83927.0,131072.0,2097152.0,2050007.0,1629125234973
83927.0,131072.0,2097152.0,2050007.0,1629125234973
83927.0,131072.0,2097152.0,2050007.0,1629125234973
83927.0,131072.0,2097152.0,2050007.0,1629125234974
83927.0,131072.0,2097152.0,2050007.0,1629125234974
83927.0,131072.0,2097152.0,2050007.0,1629125234987
83927.0,131072.0,2097152.0,2050007.0,1629125234988
83927.0,131072.0,2097152.0,2050007.0,1629125234988
83927.0,131072.0,2097152.0,2050007.0,1629125234989
83927.0,131072.0,2097152.0,2050007.0,1629125234989
83927.0,131072.0,2097152.0,2050007.0,1629125234989
83927.0,131072.0,2097152.0,2050007.0,1629125234989
83927.0,131072.0,2097152.0,2050007.0,1629125234990
83927.0,131072.0,2097152.0,2050007.0,1629125234990
83927.0,131072.0,2097152.0,2050007.0,1629125234990
83927.0,131072.0,2097152.0,2050007.0,1629125234990
83927.0,131072.0,2097152.0,2050007.0,1629125234990
83407.0,131072.0,2097152.0,2049487.0,1629125234990
83407.0,131072.0,2097152.0,2049487.0,1629125234991
83407.0,131072.0,2097152.0,2049487.0,1629125234991
83407.0,131072.0,2097152.0,2049487.0,1629125234991
83407.0,131072.0,2097152.0,2049487.0,1629125234991
83407.0,131072.0,2097152.0,2049487.0,1629125234991
83407.0,131072.0,2097152.0,2049487.0,1629125234993
83407.0,131072.0,2097152.0,2049487.0,1629125234993
83407.0,131072.0,2097152.0,2049487.0,1629125234993
83407.0,131072.0,2097152.0,2049487.0,1629125234993
83407.0,131072.0,2097152.0,2049487.0,1629125234994
83407.0,131072.0,2097152.0,2049487.0,1629125234994
83407.0,131072.0,2097152.0,2049487.0,1629125234994
83407.0,131072.0,2097152.0,2049487.0,1629125234994
83407.0,131072.0,2097152.0,2049487.0,1629125234994
83407.0,131072.0,2097152.0,2049487.0,1629125234995
83407.0,131072.0,2097152.0,2049487.0,1629125234995
83407.0,131072.0,2097152.0,2049487.0,1629125234995
83407.0,131072.0,2097152.0,2049487.0,1629125234995
83391.0,131072.0,2097152.0,2049471.0,1629125234995
82903.0,131072.0,2097152.0,2048983.0,1629125234995
82903.0,131072.0,2097152.0,2048983.0,1629125234995
82903.0,131072.0,2097152.0,2048983.0,1629125234996
82903.0,131072.0,2097152.0,2048983.0,1629125234996
82903.0,131072.0,2097152.0,2048983.0,1629125234996
82903.0,131072.0,2097152.0,2048983.0,1629125234996
82903.0,131072.0,2097152.0,2048983.0,1629125234996
82903.0,131072.0,2097152.0,2048983.0,1629125234996
82903.0,131072.0,2097152.0,2048983.0,1629125234997
82903.0,131072.0,2097152.0,2048983.0,1629125234997
82903.0,131072.0,2097152.0,2048983.0,1629125234997
82903.0,131072.0,2097152.0,2048983.0,1629125234997
82903.0,131072.0,2097152.0,2048983.0,1629125234998
82903.0,131072.0,2097152.0,2048983.0,1629125234998
82903.0,131072.0,2097152.0,2048983.0,1629125234998
82903.0,131072.0,2097152.0,2048983.0,1629125234998
82903.0,131072.0,2097152.0,2048983.0,1629125234999
82903.0,131072.0,2097152.0,2048983.0,1629125234999
82389.0,131072.0,2097152.0,2048469.0,1629125234999
82389.0,131072.0,2097152.0,2048469.0,1629125234999
82389.0,131072.0,2097152.0,2048469.0,1629125234999
82389.0,131072.0,2097152.0,2048469.0,1629125235000
82389.0,131072.0,2097152.0,2048469.0,1629125235000
82389.0,131072.0,2097152.0,2048469.0,1629125235000
82389.0,131072.0,2097152.0,2048469.0,1629125235000
82389.0,131072.0,2097152.0,2048469.0,1629125235000
82389.0,131072.0,2097152.0,2048469.0,1629125235000
82389.0,131072.0,2097152.0,2048469.0,1629125235001
82389.0,131072.0,2097152.0,2048469.0,1629125235001
82389.0,131072.0,2097152.0,2048469.0,1629125235001
82389.0,131072.0,2097152.0,2048469.0,1629125235001
82389.0,131072.0,2097152.0,2048469.0,1629125235001
82389.0,131072.0,2097152.0,2048469.0,1629125235002
82389.0,131072.0,2097152.0,2048469.0,1629125235002
82389.0,131072.0,2097152.0,2048469.0,1629125235002
82389.0,131072.0,2097152.0,2048469.0,1629125235002
82389.0,131072.0,2097152.0,2048469.0,1629125235002
82389.0,131072.0,2097152.0,2048469.0,1629125235003
81879.0,131072.0,2097152.0,2047959.0,1629125235003
81879.0,131072.0,2097152.0,2047959.0,1629125235003
81879.0,131072.0,2097152.0,2047959.0,1629125235003
81879.0,131072.0,2097152.0,2047959.0,1629125235003
81879.0,131072.0,2097152.0,2047959.0,1629125235004
81879.0,131072.0,2097152.0,2047959.0,1629125235004
81879.0,131072.0,2097152.0,2047959.0,1629125235005
81879.0,131072.0,2097152.0,2047959.0,1629125235005
81879.0,131072.0,2097152.0,2047959.0,1629125235005
81879.0,131072.0,2097152.0,2047959.0,1629125235006
81879.0,131072.0,2097152.0,2047959.0,1629125235006
81879.0,131072.0,2097152.0,2047959.0,1629125235006
81879.0,131072.0,2097152.0,2047959.0,1629125235007
81879.0,131072.0,2097152.0,2047959.0,1629125235007
81879.0,131072.0,2097152.0,2047959.0,1629125235007
81879.0,131072.0,2097152.0,2047959.0,1629125235007
81879.0,131072.0,2097152.0,2047959.0,1629125235007
81879.0,131072.0,2097152.0,2047959.0,1629125235007
81879.0,131072.0,2097152.0,2047959.0,1629125235008
81863.0,131072.0,2097152.0,2047943.0,1629125235008
81351.0,131072.0,2097152.0,2047431.0,1629125235009
81351.0,131072.0,2097152.0,2047431.0,1629125235009
81351.0,131072.0,2097152.0,2047431.0,1629125235009
81351.0,131072.0,2097152.0,2047431.0,1629125235009
81351.0,131072.0,2097152.0,2047431.0,1629125235009
81351.0,131072.0,2097152.0,2047431.0,1629125235010
81351.0,131072.0,2097152.0,2047431.0,1629125235010
81351.0,131072.0,2097152.0,2047431.0,1629125235010
81351.0,131072.0,2097152.0,2047431.0,1629125235010
81351.0,131072.0,2097152.0,2047431.0,1629125235010
81351.0,131072.0,2097152.0,2047431.0,1629125235010
81351.0,131072.0,2097152.0,2047431.0,1629125235010
81351.0,131072.0,2097152.0,2047431.0,1629125235011
81351.0,131072.0,2097152.0,2047431.0,1629125235011
81351.0,131072.0,2097152.0,2047431.0,1629125235011
81351.0,131072.0,2097152.0,2047431.0,1629125235011
81351.0,131072.0,2097152.0,2047431.0,1629125235011
81351.0,131072.0,2097152.0,2047431.0,1629125235011
81351.0,131072.0,2097152.0,2047431.0,1629125235012
81335.0,131072.0,2097152.0,2047415.0,1629125235012
80855.0,131072.0,2097152.0,2046935.0,1629125235012
80855.0,131072.0,2097152.0,2046935.0,1629125235012
80855.0,131072.0,2097152.0,2046935.0,1629125235012
80855.0,131072.0,2097152.0,2046935.0,1629125235012
80855.0,131072.0,2097152.0,2046935.0,1629125235013
80855.0,131072.0,2097152.0,2046935.0,1629125235013
80855.0,131072.0,2097152.0,2046935.0,1629125235013
80855.0,131072.0,2097152.0,2046935.0,1629125235013
80855.0,131072.0,2097152.0,2046935.0,1629125235013
80855.0,131072.0,2097152.0,2046935.0,1629125235013
80855.0,131072.0,2097152.0,2046935.0,1629125235014
80855.0,131072.0,2097152.0,2046935.0,1629125235014
80855.0,131072.0,2097152.0,2046935.0,1629125235014
80855.0,131072.0,2097152.0,2046935.0,1629125235014
80855.0,131072.0,2097152.0,2046935.0,1629125235014
80855.0,131072.0,2097152.0,2046935.0,1629125235014
80855.0,131072.0,2097152.0,2046935.0,1629125235015
80855.0,131072.0,2097152.0,2046935.0,1629125235015
80839.0,131072.0,2097152.0,2046919.0,1629125235015
80327.0,131072.0,2097152.0,2046407.0,1629125235015
80327.0,131072.0,2097152.0,2046407.0,1629125235015
80327.0,131072.0,2097152.0,2046407.0,1629125235015
80327.0,131072.0,2097152.0,2046407.0,1629125235016
80327.0,131072.0,2097152.0,2046407.0,1629125235016
80327.0,131072.0,2097152.0,2046407.0,1629125235016
80327.0,131072.0,2097152.0,2046407.0,1629125235016
80327.0,131072.0,2097152.0,2046407.0,1629125235016
80327.0,131072.0,2097152.0,2046407.0,1629125235016
80327.0,131072.0,2097152.0,2046407.0,1629125235017
80327.0,131072.0,2097152.0,2046407.0,1629125235017
80327.0,131072.0,2097152.0,2046407.0,1629125235017
80327.0,131072.0,2097152.0,2046407.0,1629125235017
80327.0,131072.0,2097152.0,2046407.0,1629125235017
80327.0,131072.0,2097152.0,2046407.0,1629125235017
80327.0,131072.0,2097152.0,2046407.0,1629125235017
80327.0,131072.0,2097152.0,2046407.0,1629125235018
80327.0,131072.0,2097152.0,2046407.0,1629125235018
80327.0,131072.0,2097152.0,2046407.0,1629125235018
79831.0,131072.0,2097152.0,2045911.0,1629125235018
79831.0,131072.0,2097152.0,2045911.0,1629125235018
79831.0,131072.0,2097152.0,2045911.0,1629125235018
79831.0,131072.0,2097152.0,2045911.0,1629125235018
79831.0,131072.0,2097152.0,2045911.0,1629125235019
79831.0,131072.0,2097152.0,2045911.0,1629125235019
79831.0,131072.0,2097152.0,2045911.0,1629125235019
79831.0,131072.0,2097152.0,2045911.0,1629125235020
79831.0,131072.0,2097152.0,2045911.0,1629125235020
79831.0,131072.0,2097152.0,2045911.0,1629125235020
79831.0,131072.0,2097152.0,2045911.0,1629125235020
79831.0,131072.0,2097152.0,2045911.0,1629125235020
79831.0,131072.0,2097152.0,2045911.0,1629125235020
79831.0,131072.0,2097152.0,2045911.0,1629125235020
79831.0,131072.0,2097152.0,2045911.0,1629125235020
79831.0,131072.0,2097152.0,2045911.0,1629125235021
79831.0,131072.0,2097152.0,2045911.0,1629125235021
79831.0,131072.0,2097152.0,2045911.0,1629125235021
79831.0,131072.0,2097152.0,2045911.0,1629125235021
79311.0,131072.0,2097152.0,2045391.0,1629125235021
79311.0,131072.0,2097152.0,2045391.0,1629125235021
79311.0,131072.0,2097152.0,2045391.0,1629125235022
79311.0,131072.0,2097152.0,2045391.0,1629125235022
79311.0,131072.0,2097152.0,2045391.0,1629125235022
79311.0,131072.0,2097152.0,2045391.0,1629125235022
79311.0,131072.0,2097152.0,2045391.0,1629125235022
79311.0,131072.0,2097152.0,2045391.0,1629125235022
79311.0,131072.0,2097152.0,2045391.0,1629125235022
79311.0,131072.0,2097152.0,2045391.0,1629125235023
79311.0,131072.0,2097152.0,2045391.0,1629125235023
79311.0,131072.0,2097152.0,2045391.0,1629125235023
79311.0,131072.0,2097152.0,2045391.0,1629125235023
79311.0,131072.0,2097152.0,2045391.0,1629125235023
79311.0,131072.0,2097152.0,2045391.0,1629125235023
79311.0,131072.0,2097152.0,2045391.0,1629125235023
79311.0,131072.0,2097152.0,2045391.0,1629125235023
79311.0,131072.0,2097152.0,2045391.0,1629125235024
79311.0,131072.0,2097152.0,2045391.0,1629125235024
79295.0,131072.0,2097152.0,2045375.0,1629125235025
78807.0,131072.0,2097152.0,2044887.0,1629125235025
78807.0,131072.0,2097152.0,2044887.0,1629125235025
78807.0,131072.0,2097152.0,2044887.0,1629125235025
78807.0,131072.0,2097152.0,2044887.0,1629125235025
78807.0,131072.0,2097152.0,2044887.0,1629125235025
78807.0,131072.0,2097152.0,2044887.0,1629125235025
78807.0,131072.0,2097152.0,2044887.0,1629125235026
78807.0,131072.0,2097152.0,2044887.0,1629125235026
78807.0,131072.0,2097152.0,2044887.0,1629125235026
78807.0,131072.0,2097152.0,2044887.0,1629125235026
78807.0,131072.0,2097152.0,2044887.0,1629125235026
78807.0,131072.0,2097152.0,2044887.0,1629125235026
78807.0,131072.0,2097152.0,2044887.0,1629125235026
78807.0,131072.0,2097152.0,2044887.0,1629125235027
78807.0,131072.0,2097152.0,2044887.0,1629125235027
78807.0,131072.0,2097152.0,2044887.0,1629125235027
78807.0,131072.0,2097152.0,2044887.0,1629125235027
78807.0,131072.0,2097152.0,2044887.0,1629125235027
78293.0,131072.0,2097152.0,2044373.0,1629125235027
78293.0,131072.0,2097152.0,2044373.0,1629125235027
78293.0,131072.0,2097152.0,2044373.0,1629125235028
78293.0,131072.0,2097152.0,2044373.0,1629125235028
78293.0,131072.0,2097152.0,2044373.0,1629125235028
78293.0,131072.0,2097152.0,2044373.0,1629125235028
78293.0,131072.0,2097152.0,2044373.0,1629125235028
78293.0,131072.0,2097152.0,2044373.0,1629125235029
78293.0,131072.0,2097152.0,2044373.0,1629125235029
78293.0,131072.0,2097152.0,2044373.0,1629125235029
78293.0,131072.0,2097152.0,2044373.0,1629125235029
78293.0,131072.0,2097152.0,2044373.0,1629125235029
78293.0,131072.0,2097152.0,2044373.0,1629125235029
78293.0,131072.0,2097152.0,2044373.0,1629125235030
78293.0,131072.0,2097152.0,2044373.0,1629125235030
78293.0,131072.0,2097152.0,2044373.0,1629125235030
78293.0,131072.0,2097152.0,2044373.0,1629125235031
78293.0,131072.0,2097152.0,2044373.0,1629125235031
78293.0,131072.0,2097152.0,2044373.0,1629125235031
78293.0,131072.0,2097152.0,2044373.0,1629125235031
77783.0,131072.0,2097152.0,2043863.0,1629125235031
77783.0,131072.0,2097152.0,2043863.0,1629125235031
77783.0,131072.0,2097152.0,2043863.0,1629125235032
77783.0,131072.0,2097152.0,2043863.0,1629125235032
77783.0,131072.0,2097152.0,2043863.0,1629125235032
77783.0,131072.0,2097152.0,2043863.0,1629125235032
77783.0,131072.0,2097152.0,2043863.0,1629125235032
77783.0,131072.0,2097152.0,2043863.0,1629125235032
77783.0,131072.0,2097152.0,2043863.0,1629125235032
77783.0,131072.0,2097152.0,2043863.0,1629125235033
77783.0,131072.0,2097152.0,2043863.0,1629125235033
77783.0,131072.0,2097152.0,2043863.0,1629125235033
77783.0,131072.0,2097152.0,2043863.0,1629125235033
77783.0,131072.0,2097152.0,2043863.0,1629125235033
77783.0,131072.0,2097152.0,2043863.0,1629125235033
77783.0,131072.0,2097152.0,2043863.0,1629125235033
77783.0,131072.0,2097152.0,2043863.0,1629125235034
77783.0,131072.0,2097152.0,2043863.0,1629125235034
77783.0,131072.0,2097152.0,2043863.0,1629125235034
77767.0,131072.0,2097152.0,2043847.0,1629125235034
77255.0,131072.0,2097152.0,2043335.0,1629125235034
77255.0,131072.0,2097152.0,2043335.0,1629125235034
77255.0,131072.0,2097152.0,2043335.0,1629125235034
77255.0,131072.0,2097152.0,2043335.0,1629125235034
77255.0,131072.0,2097152.0,2043335.0,1629125235035
77255.0,131072.0,2097152.0,2043335.0,1629125235035
77255.0,131072.0,2097152.0,2043335.0,1629125235035
77255.0,131072.0,2097152.0,2043335.0,1629125235035
77255.0,131072.0,2097152.0,2043335.0,1629125235035
77255.0,131072.0,2097152.0,2043335.0,1629125235035
77255.0,131072.0,2097152.0,2043335.0,1629125235035
77255.0,131072.0,2097152.0,2043335.0,1629125235036
77255.0,131072.0,2097152.0,2043335.0,1629125235036
77255.0,131072.0,2097152.0,2043335.0,1629125235036
77255.0,131072.0,2097152.0,2043335.0,1629125235036
77255.0,131072.0,2097152.0,2043335.0,1629125235036
77255.0,131072.0,2097152.0,2043335.0,1629125235036
77255.0,131072.0,2097152.0,2043335.0,1629125235036
77255.0,131072.0,2097152.0,2043335.0,1629125235037
77239.0,131072.0,2097152.0,2043319.0,1629125235037
76759.0,131072.0,2097152.0,2042839.0,1629125235037
76759.0,131072.0,2097152.0,2042839.0,1629125235037
76759.0,131072.0,2097152.0,2042839.0,1629125235037
76759.0,131072.0,2097152.0,2042839.0,1629125235037
76759.0,131072.0,2097152.0,2042839.0,1629125235038
76759.0,131072.0,2097152.0,2042839.0,1629125235038
76759.0,131072.0,2097152.0,2042839.0,1629125235038
76759.0,131072.0,2097152.0,2042839.0,1629125235038
76759.0,131072.0,2097152.0,2042839.0,1629125235039
76759.0,131072.0,2097152.0,2042839.0,1629125235039
76759.0,131072.0,2097152.0,2042839.0,1629125235039
76759.0,131072.0,2097152.0,2042839.0,1629125235039
76759.0,131072.0,2097152.0,2042839.0,1629125235040
76759.0,131072.0,2097152.0,2042839.0,1629125235041
76759.0,131072.0,2097152.0,2042839.0,1629125235041
76759.0,131072.0,2097152.0,2042839.0,1629125235041
76759.0,131072.0,2097152.0,2042839.0,1629125235042
76759.0,131072.0,2097152.0,2042839.0,1629125235042
76743.0,131072.0,2097152.0,2042823.0,1629125235042
76231.0,131072.0,2097152.0,2042311.0,1629125235042
76231.0,131072.0,2097152.0,2042311.0,1629125235042
76231.0,131072.0,2097152.0,2042311.0,1629125235043
76231.0,131072.0,2097152.0,2042311.0,1629125235043
76231.0,131072.0,2097152.0,2042311.0,1629125235043
76231.0,131072.0,2097152.0,2042311.0,1629125235043
76231.0,131072.0,2097152.0,2042311.0,1629125235044
76231.0,131072.0,2097152.0,2042311.0,1629125235044
76231.0,131072.0,2097152.0,2042311.0,1629125235044
76231.0,131072.0,2097152.0,2042311.0,1629125235044
76231.0,131072.0,2097152.0,2042311.0,1629125235044
76231.0,131072.0,2097152.0,2042311.0,1629125235044
76231.0,131072.0,2097152.0,2042311.0,1629125235045
76231.0,131072.0,2097152.0,2042311.0,1629125235045
76231.0,131072.0,2097152.0,2042311.0,1629125235045
76231.0,131072.0,2097152.0,2042311.0,1629125235045
76231.0,131072.0,2097152.0,2042311.0,1629125235045
76231.0,131072.0,2097152.0,2042311.0,1629125235045
76231.0,131072.0,2097152.0,2042311.0,1629125235045
75735.0,131072.0,2097152.0,2041815.0,1629125235045
75735.0,131072.0,2097152.0,2041815.0,1629125235046
75735.0,131072.0,2097152.0,2041815.0,1629125235046
75735.0,131072.0,2097152.0,2041815.0,1629125235046
75735.0,131072.0,2097152.0,2041815.0,1629125235046
75735.0,131072.0,2097152.0,2041815.0,1629125235046
75735.0,131072.0,2097152.0,2041815.0,1629125235046
75735.0,131072.0,2097152.0,2041815.0,1629125235047
75735.0,131072.0,2097152.0,2041815.0,1629125235047
75735.0,131072.0,2097152.0,2041815.0,1629125235047
75735.0,131072.0,2097152.0,2041815.0,1629125235047
75735.0,131072.0,2097152.0,2041815.0,1629125235047
75735.0,131072.0,2097152.0,2041815.0,1629125235048
75735.0,131072.0,2097152.0,2041815.0,1629125235048
75735.0,131072.0,2097152.0,2041815.0,1629125235048
75735.0,131072.0,2097152.0,2041815.0,1629125235048
75735.0,131072.0,2097152.0,2041815.0,1629125235048
75735.0,131072.0,2097152.0,2041815.0,1629125235048
75735.0,131072.0,2097152.0,2041815.0,1629125235048
75215.0,131072.0,2097152.0,2041295.0,1629125235049
75215.0,131072.0,2097152.0,2041295.0,1629125235049
75215.0,131072.0,2097152.0,2041295.0,1629125235049
75215.0,131072.0,2097152.0,2041295.0,1629125235049
75215.0,131072.0,2097152.0,2041295.0,1629125235049
75215.0,131072.0,2097152.0,2041295.0,1629125235049
75215.0,131072.0,2097152.0,2041295.0,1629125235050
75215.0,131072.0,2097152.0,2041295.0,1629125235050
75215.0,131072.0,2097152.0,2041295.0,1629125235050
75215.0,131072.0,2097152.0,2041295.0,1629125235050
75215.0,131072.0,2097152.0,2041295.0,1629125235050
75215.0,131072.0,2097152.0,2041295.0,1629125235050
75215.0,131072.0,2097152.0,2041295.0,1629125235050
75215.0,131072.0,2097152.0,2041295.0,1629125235051
75215.0,131072.0,2097152.0,2041295.0,1629125235051
75215.0,131072.0,2097152.0,2041295.0,1629125235051
75215.0,131072.0,2097152.0,2041295.0,1629125235051
75215.0,131072.0,2097152.0,2041295.0,1629125235051
75215.0,131072.0,2097152.0,2041295.0,1629125235051
75199.0,131072.0,2097152.0,2041279.0,1629125235052
74711.0,131072.0,2097152.0,2040791.0,1629125235052
74711.0,131072.0,2097152.0,2040791.0,1629125235052
74711.0,131072.0,2097152.0,2040791.0,1629125235052
74711.0,131072.0,2097152.0,2040791.0,1629125235053
74711.0,131072.0,2097152.0,2040791.0,1629125235053
74711.0,131072.0,2097152.0,2040791.0,1629125235053
74711.0,131072.0,2097152.0,2040791.0,1629125235053
74711.0,131072.0,2097152.0,2040791.0,1629125235053
74711.0,131072.0,2097152.0,2040791.0,1629125235054
74711.0,131072.0,2097152.0,2040791.0,1629125235054
74711.0,131072.0,2097152.0,2040791.0,1629125235054
74711.0,131072.0,2097152.0,2040791.0,1629125235054
74711.0,131072.0,2097152.0,2040791.0,1629125235054
74711.0,131072.0,2097152.0,2040791.0,1629125235054
74711.0,131072.0,2097152.0,2040791.0,1629125235055
74711.0,131072.0,2097152.0,2040791.0,1629125235055
74711.0,131072.0,2097152.0,2040791.0,1629125235055
74711.0,131072.0,2097152.0,2040791.0,1629125235055
74197.0,131072.0,2097152.0,2040277.0,1629125235055
74197.0,131072.0,2097152.0,2040277.0,1629125235055
74197.0,131072.0,2097152.0,2040277.0,1629125235056
74197.0,131072.0,2097152.0,2040277.0,1629125235056
74197.0,131072.0,2097152.0,2040277.0,1629125235056
74197.0,131072.0,2097152.0,2040277.0,1629125235056
74197.0,131072.0,2097152.0,2040277.0,1629125235057
74197.0,131072.0,2097152.0,2040277.0,1629125235057
74197.0,131072.0,2097152.0,2040277.0,1629125235057
74197.0,131072.0,2097152.0,2040277.0,1629125235057
74197.0,131072.0,2097152.0,2040277.0,1629125235057
74197.0,131072.0,2097152.0,2040277.0,1629125235058
74197.0,131072.0,2097152.0,2040277.0,1629125235058
74197.0,131072.0,2097152.0,2040277.0,1629125235058
74197.0,131072.0,2097152.0,2040277.0,1629125235058
74197.0,131072.0,2097152.0,2040277.0,1629125235058
74197.0,131072.0,2097152.0,2040277.0,1629125235058
74197.0,131072.0,2097152.0,2040277.0,1629125235059
74197.0,131072.0,2097152.0,2040277.0,1629125235077
74197.0,131072.0,2097152.0,2040277.0,1629125235077
73687.0,131072.0,2097152.0,2039767.0,1629125235077
73687.0,131072.0,2097152.0,2039767.0,1629125235078
73687.0,131072.0,2097152.0,2039767.0,1629125235078
73687.0,131072.0,2097152.0,2039767.0,1629125235078
73687.0,131072.0,2097152.0,2039767.0,1629125235078
73687.0,131072.0,2097152.0,2039767.0,1629125235078
73687.0,131072.0,2097152.0,2039767.0,1629125235078
73687.0,131072.0,2097152.0,2039767.0,1629125235079
73687.0,131072.0,2097152.0,2039767.0,1629125235079
73687.0,131072.0,2097152.0,2039767.0,1629125235079
73687.0,131072.0,2097152.0,2039767.0,1629125235079
73687.0,131072.0,2097152.0,2039767.0,1629125235079
73687.0,131072.0,2097152.0,2039767.0,1629125235079
73687.0,131072.0,2097152.0,2039767.0,1629125235080
73687.0,131072.0,2097152.0,2039767.0,1629125235080
73687.0,131072.0,2097152.0,2039767.0,1629125235080
73687.0,131072.0,2097152.0,2039767.0,1629125235081
73687.0,131072.0,2097152.0,2039767.0,1629125235081
73687.0,131072.0,2097152.0,2039767.0,1629125235081
73671.0,131072.0,2097152.0,2039751.0,1629125235081
73159.0,131072.0,2097152.0,2039239.0,1629125235081
73159.0,131072.0,2097152.0,2039239.0,1629125235081
73159.0,131072.0,2097152.0,2039239.0,1629125235082
73159.0,131072.0,2097152.0,2039239.0,1629125235082
73159.0,131072.0,2097152.0,2039239.0,1629125235082
73159.0,131072.0,2097152.0,2039239.0,1629125235082
73159.0,131072.0,2097152.0,2039239.0,1629125235082
73159.0,131072.0,2097152.0,2039239.0,1629125235083
73159.0,131072.0,2097152.0,2039239.0,1629125235083
73159.0,131072.0,2097152.0,2039239.0,1629125235083
73159.0,131072.0,2097152.0,2039239.0,1629125235083
73159.0,131072.0,2097152.0,2039239.0,1629125235083
73159.0,131072.0,2097152.0,2039239.0,1629125235083
73159.0,131072.0,2097152.0,2039239.0,1629125235084
73159.0,131072.0,2097152.0,2039239.0,1629125235084
73159.0,131072.0,2097152.0,2039239.0,1629125235084
73159.0,131072.0,2097152.0,2039239.0,1629125235084
73159.0,131072.0,2097152.0,2039239.0,1629125235084
73159.0,131072.0,2097152.0,2039239.0,1629125235084
73143.0,131072.0,2097152.0,2039223.0,1629125235084
72663.0,131072.0,2097152.0,2038743.0,1629125235085
72663.0,131072.0,2097152.0,2038743.0,1629125235085
72663.0,131072.0,2097152.0,2038743.0,1629125235085
72663.0,131072.0,2097152.0,2038743.0,1629125235085
72663.0,131072.0,2097152.0,2038743.0,1629125235085
72663.0,131072.0,2097152.0,2038743.0,1629125235085
72663.0,131072.0,2097152.0,2038743.0,1629125235086
72663.0,131072.0,2097152.0,2038743.0,1629125235086
72663.0,131072.0,2097152.0,2038743.0,1629125235086
72663.0,131072.0,2097152.0,2038743.0,1629125235086
72663.0,131072.0,2097152.0,2038743.0,1629125235086
72663.0,131072.0,2097152.0,2038743.0,1629125235086
72663.0,131072.0,2097152.0,2038743.0,1629125235087
72663.0,131072.0,2097152.0,2038743.0,1629125235087
72663.0,131072.0,2097152.0,2038743.0,1629125235087
72663.0,131072.0,2097152.0,2038743.0,1629125235087
72663.0,131072.0,2097152.0,2038743.0,1629125235087
72663.0,131072.0,2097152.0,2038743.0,1629125235087
72647.0,131072.0,2097152.0,2038727.0,1629125235088
72135.0,131072.0,2097152.0,2038215.0,1629125235089
72135.0,131072.0,2097152.0,2038215.0,1629125235089
72135.0,131072.0,2097152.0,2038215.0,1629125235094
72135.0,131072.0,2097152.0,2038215.0,1629125235095
72135.0,131072.0,2097152.0,2038215.0,1629125235095
72135.0,131072.0,2097152.0,2038215.0,1629125235095
72135.0,131072.0,2097152.0,2038215.0,1629125235095
72135.0,131072.0,2097152.0,2038215.0,1629125235095
72135.0,131072.0,2097152.0,2038215.0,1629125235095
72135.0,131072.0,2097152.0,2038215.0,1629125235096
72135.0,131072.0,2097152.0,2038215.0,1629125235096
72135.0,131072.0,2097152.0,2038215.0,1629125235096
72135.0,131072.0,2097152.0,2038215.0,1629125235096
72135.0,131072.0,2097152.0,2038215.0,1629125235096
72135.0,131072.0,2097152.0,2038215.0,1629125235097
72135.0,131072.0,2097152.0,2038215.0,1629125235097
72135.0,131072.0,2097152.0,2038215.0,1629125235097
72135.0,131072.0,2097152.0,2038215.0,1629125235098
72135.0,131072.0,2097152.0,2038215.0,1629125235098
71639.0,131072.0,2097152.0,2037719.0,1629125235098
71639.0,131072.0,2097152.0,2037719.0,1629125235098
71639.0,131072.0,2097152.0,2037719.0,1629125235098
71639.0,131072.0,2097152.0,2037719.0,1629125235098
71639.0,131072.0,2097152.0,2037719.0,1629125235098
71639.0,131072.0,2097152.0,2037719.0,1629125235098
71639.0,131072.0,2097152.0,2037719.0,1629125235100
71639.0,131072.0,2097152.0,2037719.0,1629125235100
71639.0,131072.0,2097152.0,2037719.0,1629125235100
71639.0,131072.0,2097152.0,2037719.0,1629125235100
71639.0,131072.0,2097152.0,2037719.0,1629125235100
71639.0,131072.0,2097152.0,2037719.0,1629125235101
71639.0,131072.0,2097152.0,2037719.0,1629125235101
71639.0,131072.0,2097152.0,2037719.0,1629125235101
71639.0,131072.0,2097152.0,2037719.0,1629125235101
71639.0,131072.0,2097152.0,2037719.0,1629125235101
71639.0,131072.0,2097152.0,2037719.0,1629125235101
71639.0,131072.0,2097152.0,2037719.0,1629125235102
