city,city_ibge_code,date,epidemiological_week,estimated_population,estimated_population_2019,is_last,is_repeated,last_available_confirmed,last_available_confirmed_per_100k_inhabitants,last_available_date,last_available_death_rate,last_available_deaths,order_for_place,place_type,state,new_confirmed,new_deaths
Campina Grande,2504009.0,2020-03-27,202013,411807.0,409731.0,False,False,1,0.24283000000000002,2020-03-27,0.0,0,1,city,PB,1,0
Campina Grande,2504009.0,2020-04-04,202014,411807.0,409731.0,False,False,2,0.48566000000000004,2020-04-04,0.0,0,9,city,PB,0,0
Campina Grande,2504009.0,2020-03-28,202013,411807.0,409731.0,False,False,2,0.48566000000000004,2020-03-28,0.0,0,2,city,PB,1,0
Campina Grande,2504009.0,2020-03-29,202014,411807.0,409731.0,False,False,2,0.48566000000000004,2020-03-29,0.0,0,3,city,PB,0,0
Campina Grande,2504009.0,2020-03-30,202014,411807.0,409731.0,False,False,2,0.48566000000000004,2020-03-30,0.0,0,4,city,PB,0,0
Campina Grande,2504009.0,2020-03-31,202014,411807.0,409731.0,False,False,2,0.48566000000000004,2020-03-31,0.0,0,5,city,PB,0,0
Campina Grande,2504009.0,2020-04-01,202014,411807.0,409731.0,False,False,2,0.48566000000000004,2020-04-01,0.0,0,6,city,PB,0,0
Campina Grande,2504009.0,2020-04-02,202014,411807.0,409731.0,False,False,2,0.48566000000000004,2020-04-02,0.0,0,7,city,PB,0,0
Campina Grande,2504009.0,2020-04-03,202014,411807.0,409731.0,False,False,2,0.48566000000000004,2020-04-03,0.0,0,8,city,PB,0,0
Campina Grande,2504009.0,2020-04-14,202016,411807.0,409731.0,False,False,3,0.7285,2020-04-14,0.0,0,19,city,PB,0,0
Campina Grande,2504009.0,2020-04-05,202015,411807.0,409731.0,False,False,3,0.7285,2020-04-05,0.0,0,10,city,PB,1,0
Campina Grande,2504009.0,2020-04-06,202015,411807.0,409731.0,False,False,3,0.7285,2020-04-06,0.0,0,11,city,PB,0,0
Campina Grande,2504009.0,2020-04-07,202015,411807.0,409731.0,False,False,3,0.7285,2020-04-07,0.0,0,12,city,PB,0,0
Campina Grande,2504009.0,2020-04-08,202015,411807.0,409731.0,False,False,3,0.7285,2020-04-08,0.0,0,13,city,PB,0,0
Campina Grande,2504009.0,2020-04-09,202015,411807.0,409731.0,False,False,3,0.7285,2020-04-09,0.0,0,14,city,PB,0,0
Campina Grande,2504009.0,2020-04-10,202015,411807.0,409731.0,False,False,3,0.7285,2020-04-10,0.0,0,15,city,PB,0,0
Campina Grande,2504009.0,2020-04-11,202015,411807.0,409731.0,False,False,3,0.7285,2020-04-11,0.0,0,16,city,PB,0,0
Campina Grande,2504009.0,2020-04-12,202016,411807.0,409731.0,False,False,3,0.7285,2020-04-12,0.0,0,17,city,PB,0,0
Campina Grande,2504009.0,2020-04-13,202016,411807.0,409731.0,False,False,3,0.7285,2020-04-13,0.0,0,18,city,PB,0,0
Campina Grande,2504009.0,2020-04-15,202016,411807.0,409731.0,False,False,4,0.9713299999999999,2020-04-15,0.0,0,20,city,PB,1,0
Campina Grande,2504009.0,2020-04-17,202016,411807.0,409731.0,False,False,8,1.9426599999999998,2020-04-17,0.125,1,22,city,PB,0,0
Campina Grande,2504009.0,2020-04-16,202016,411807.0,409731.0,False,False,8,1.9426599999999998,2020-04-16,0.125,1,21,city,PB,4,1
Campina Grande,2504009.0,2020-04-20,202017,411807.0,409731.0,False,False,12,2.91399,2020-04-20,0.1667,2,25,city,PB,0,0
Campina Grande,2504009.0,2020-04-18,202016,411807.0,409731.0,False,False,12,2.91399,2020-04-18,0.0833,1,23,city,PB,4,0
Campina Grande,2504009.0,2020-04-19,202017,411807.0,409731.0,False,False,12,2.91399,2020-04-19,0.1667,2,24,city,PB,0,1
Campina Grande,2504009.0,2020-04-21,202017,411807.0,409731.0,False,False,20,4.8566400000000005,2020-04-21,0.1,2,26,city,PB,8,0
Campina Grande,2504009.0,2020-04-22,202017,411807.0,409731.0,False,False,24,5.82797,2020-04-22,0.0833,2,27,city,PB,4,0
Campina Grande,2504009.0,2020-04-23,202017,411807.0,409731.0,False,False,30,7.2849699999999995,2020-04-23,0.0667,2,28,city,PB,6,0
Campina Grande,2504009.0,2020-04-24,202017,411807.0,409731.0,False,False,35,8.499130000000001,2020-04-24,0.0571,2,29,city,PB,5,0
Campina Grande,2504009.0,2020-04-26,202018,411807.0,409731.0,False,False,39,9.470460000000001,2020-04-26,0.0513,2,31,city,PB,0,0
Campina Grande,2504009.0,2020-04-25,202017,411807.0,409731.0,False,False,39,9.470460000000001,2020-04-25,0.0513,2,30,city,PB,4,0
Campina Grande,2504009.0,2020-04-27,202018,411807.0,409731.0,False,False,42,10.19895,2020-04-27,0.0476,2,32,city,PB,3,0
Campina Grande,2504009.0,2020-04-28,202018,411807.0,409731.0,False,False,45,10.92745,2020-04-28,0.0444,2,33,city,PB,3,0
Campina Grande,2504009.0,2020-04-30,202018,411807.0,409731.0,False,False,51,12.38444,2020-04-30,0.0392,2,35,city,PB,0,0
Campina Grande,2504009.0,2020-04-29,202018,411807.0,409731.0,False,False,51,12.38444,2020-04-29,0.0392,2,34,city,PB,6,0
Campina Grande,2504009.0,2020-05-01,202018,411807.0,409731.0,False,False,53,12.87011,2020-05-01,0.0377,2,36,city,PB,2,0
Campina Grande,2504009.0,2020-05-02,202018,411807.0,409731.0,False,False,61,14.81276,2020-05-02,0.0328,2,37,city,PB,8,0
Campina Grande,2504009.0,2020-05-03,202019,411807.0,409731.0,False,False,62,15.0556,2020-05-03,0.0323,2,38,city,PB,1,0
Campina Grande,2504009.0,2020-05-04,202019,411807.0,409731.0,False,False,67,16.26976,2020-05-04,0.0299,2,39,city,PB,5,0
Campina Grande,2504009.0,2020-05-05,202019,411807.0,409731.0,False,False,74,17.96958,2020-05-05,0.027,2,40,city,PB,7,0
Campina Grande,2504009.0,2020-05-06,202019,411807.0,409731.0,False,False,78,18.940910000000002,2020-05-06,0.0256,2,41,city,PB,4,0
Campina Grande,2504009.0,2020-05-08,202019,411807.0,409731.0,False,False,89,21.612070000000003,2020-05-08,0.0225,2,43,city,PB,0,0
Campina Grande,2504009.0,2020-05-07,202019,411807.0,409731.0,False,False,89,21.612070000000003,2020-05-07,0.0225,2,42,city,PB,11,0
Campina Grande,2504009.0,2020-05-09,202019,411807.0,409731.0,False,False,100,24.28322,2020-05-09,0.03,3,44,city,PB,11,1
Campina Grande,2504009.0,2020-05-10,202020,411807.0,409731.0,False,False,108,26.22588,2020-05-10,0.0278,3,45,city,PB,8,0
Campina Grande,2504009.0,2020-05-11,202020,411807.0,409731.0,False,False,125,30.354029999999998,2020-05-11,0.024,3,46,city,PB,17,0
Campina Grande,2504009.0,2020-05-12,202020,411807.0,409731.0,False,False,134,32.53951,2020-05-12,0.0299,4,47,city,PB,9,1
Campina Grande,2504009.0,2020-05-13,202020,411807.0,409731.0,False,False,155,37.63899,2020-05-13,0.0258,4,48,city,PB,21,0
Campina Grande,2504009.0,2020-05-14,202020,411807.0,409731.0,False,False,160,38.85315,2020-05-14,0.025,4,49,city,PB,5,0
Campina Grande,2504009.0,2020-05-15,202020,411807.0,409731.0,False,False,261,63.3792,2020-05-15,0.0153,4,50,city,PB,101,0
Campina Grande,2504009.0,2020-05-16,202020,411807.0,409731.0,False,False,280,67.99302,2020-05-16,0.0179,5,51,city,PB,19,1
Campina Grande,2504009.0,2020-05-17,202021,411807.0,409731.0,False,False,290,70.42134,2020-05-17,0.0172,5,52,city,PB,10,0
Campina Grande,2504009.0,2020-05-18,202021,411807.0,409731.0,False,False,299,72.60683,2020-05-18,0.0234,7,53,city,PB,9,2
Campina Grande,2504009.0,2020-05-19,202021,411807.0,409731.0,False,False,326,79.1633,2020-05-19,0.0215,7,54,city,PB,27,0
Campina Grande,2504009.0,2020-05-20,202021,411807.0,409731.0,False,False,335,81.34879000000001,2020-05-20,0.0209,7,55,city,PB,9,0
Campina Grande,2504009.0,2020-05-21,202021,411807.0,409731.0,False,False,421,102.23236,2020-05-21,0.0214,9,56,city,PB,86,2
Campina Grande,2504009.0,2020-05-22,202021,411807.0,409731.0,False,False,590,143.271,2020-05-22,0.0169,10,57,city,PB,169,1
Campina Grande,2504009.0,2020-05-23,202021,411807.0,409731.0,False,False,713,173.13936,2020-05-23,0.014,10,58,city,PB,123,0
Campina Grande,2504009.0,2020-05-24,202022,411807.0,409731.0,False,False,817,198.39391,2020-05-24,0.0122,10,59,city,PB,104,0
Campina Grande,2504009.0,2020-05-25,202022,411807.0,409731.0,False,False,870,211.26401,2020-05-25,0.0126,11,60,city,PB,53,1
Campina Grande,2504009.0,2020-05-26,202022,411807.0,409731.0,False,False,936,227.29093999999998,2020-05-26,0.0118,11,61,city,PB,66,0
Campina Grande,2504009.0,2020-05-27,202022,411807.0,409731.0,False,False,1025,248.90301000000002,2020-05-27,0.0107,11,62,city,PB,89,0
Campina Grande,2504009.0,2020-05-28,202022,411807.0,409731.0,False,False,1180,286.542,2020-05-28,0.0127,15,63,city,PB,155,4
Campina Grande,2504009.0,2020-05-29,202022,411807.0,409731.0,False,False,1288,312.76787,2020-05-29,0.0116,15,64,city,PB,108,0
Campina Grande,2504009.0,2020-05-30,202022,411807.0,409731.0,False,False,1483,360.12015,2020-05-30,0.0101,15,65,city,PB,195,0
Campina Grande,2504009.0,2020-05-31,202023,411807.0,409731.0,False,False,1519,368.86211000000003,2020-05-31,0.0132,20,66,city,PB,36,5
Campina Grande,2504009.0,2020-06-01,202023,411807.0,409731.0,False,False,1578,383.18921,2020-06-01,0.0152,24,67,city,PB,59,4
Campina Grande,2504009.0,2020-06-02,202023,411807.0,409731.0,False,False,1679,407.71526,2020-06-02,0.0143,24,68,city,PB,101,0
Campina Grande,2504009.0,2020-06-03,202023,411807.0,409731.0,False,False,1809,439.28345,2020-06-03,0.0155,28,69,city,PB,130,4
Campina Grande,2504009.0,2020-06-04,202023,411807.0,409731.0,False,False,2006,487.12139,2020-06-04,0.0199,40,70,city,PB,197,12
Campina Grande,2504009.0,2020-06-05,202023,411807.0,409731.0,False,False,2171,527.18871,2020-06-05,0.0184,40,71,city,PB,165,0
Campina Grande,2504009.0,2020-06-06,202023,411807.0,409731.0,False,False,2322,563.85637,2020-06-06,0.0177,41,72,city,PB,151,1
Campina Grande,2504009.0,2020-06-07,202024,411807.0,409731.0,False,False,2473,600.5240299999999,2020-06-07,0.0178,44,73,city,PB,151,3
Campina Grande,2504009.0,2020-06-08,202024,411807.0,409731.0,False,False,2650,643.50533,2020-06-08,0.0166,44,74,city,PB,177,0
Campina Grande,2504009.0,2020-06-09,202024,411807.0,409731.0,False,False,2967,720.48314,2020-06-09,0.0152,45,75,city,PB,317,1
Campina Grande,2504009.0,2020-06-10,202024,411807.0,409731.0,False,False,3221,782.16252,2020-06-10,0.0146,47,76,city,PB,254,2
Campina Grande,2504009.0,2020-06-11,202024,411807.0,409731.0,False,False,3504,850.88403,2020-06-11,0.0134,47,77,city,PB,283,0
Campina Grande,2504009.0,2020-06-12,202024,411807.0,409731.0,False,False,3920,951.90223,2020-06-12,0.0128,50,78,city,PB,416,3
Campina Grande,2504009.0,2020-06-13,202024,411807.0,409731.0,False,False,4089,992.9408699999999,2020-06-13,0.013,53,79,city,PB,169,3
Campina Grande,2504009.0,2020-06-14,202025,411807.0,409731.0,False,False,4166,1011.63895,2020-06-14,0.013,54,80,city,PB,77,1
Campina Grande,2504009.0,2020-06-15,202025,411807.0,409731.0,False,False,4297,1043.44997,2020-06-15,0.013,56,81,city,PB,131,2
Campina Grande,2504009.0,2020-06-16,202025,411807.0,409731.0,False,False,4512,1095.65889,2020-06-16,0.0135,61,82,city,PB,215,5
Campina Grande,2504009.0,2020-06-17,202025,411807.0,409731.0,False,False,4783,1161.46642,2020-06-17,0.013,62,83,city,PB,271,1
Campina Grande,2504009.0,2020-06-18,202025,411807.0,409731.0,False,False,4972,1207.3617,2020-06-18,0.0127,63,84,city,PB,189,1
Campina Grande,2504009.0,2020-06-19,202025,411807.0,409731.0,False,False,5254,1275.84038,2020-06-19,0.0122,64,85,city,PB,282,1
Campina Grande,2504009.0,2020-06-20,202025,411807.0,409731.0,False,False,5501,1335.81994,2020-06-20,0.0122,67,86,city,PB,247,3
Campina Grande,2504009.0,2020-06-23,202026,411807.0,409731.0,False,False,5557,1349.4185400000001,2020-06-23,0.0148,82,89,city,PB,0,6
Campina Grande,2504009.0,2020-06-21,202026,411807.0,409731.0,False,False,5557,1349.4185400000001,2020-06-21,0.0126,70,87,city,PB,56,3
Campina Grande,2504009.0,2020-06-22,202026,411807.0,409731.0,False,False,5557,1349.4185400000001,2020-06-22,0.0137,76,88,city,PB,0,6
Campina Grande,2504009.0,2020-06-24,202026,411807.0,409731.0,False,False,5815,1412.06925,2020-06-24,0.0146,85,90,city,PB,258,3
Campina Grande,2504009.0,2020-06-25,202026,411807.0,409731.0,False,False,6025,1463.06401,2020-06-25,0.0144,87,91,city,PB,210,2
Campina Grande,2504009.0,2020-06-26,202026,411807.0,409731.0,False,False,6261,1520.37241,2020-06-26,0.0139,87,92,city,PB,236,0
Campina Grande,2504009.0,2020-06-27,202026,411807.0,409731.0,False,False,6389,1551.45493,2020-06-27,0.0147,94,93,city,PB,128,7
Campina Grande,2504009.0,2020-06-28,202027,411807.0,409731.0,False,False,6440,1563.83937,2020-06-28,0.0152,98,94,city,PB,51,4
Campina Grande,2504009.0,2020-06-29,202027,411807.0,409731.0,False,False,6505,1579.62346,2020-06-29,0.0158,103,95,city,PB,65,5
Campina Grande,2504009.0,2020-06-30,202027,411807.0,409731.0,False,False,6625,1608.76333,2020-06-30,0.0174,115,96,city,PB,120,12
Campina Grande,2504009.0,2020-07-01,202027,411807.0,409731.0,False,False,6670,1619.6907800000001,2020-07-01,0.0172,115,97,city,PB,45,0
Campina Grande,2504009.0,2020-07-02,202027,411807.0,409731.0,False,False,6688,1624.06176,2020-07-02,0.0175,117,98,city,PB,18,2
Campina Grande,2504009.0,2020-07-03,202027,411807.0,409731.0,False,False,6900,1675.5421800000001,2020-07-03,0.018,124,99,city,PB,212,7
Campina Grande,2504009.0,2020-07-04,202027,411807.0,409731.0,False,False,7067,1716.09516,2020-07-04,0.0181,128,100,city,PB,167,4
Campina Grande,2504009.0,2020-07-06,202028,411807.0,409731.0,False,True,7126,1730.42226,2020-07-05,0.0189,135,102,city,PB,0,0
Campina Grande,2504009.0,2020-07-05,202028,411807.0,409731.0,False,False,7126,1730.42226,2020-07-05,0.0189,135,101,city,PB,59,7
Campina Grande,2504009.0,2020-07-07,202028,411807.0,409731.0,False,False,7416,1800.8436,2020-07-07,0.019,141,103,city,PB,290,6
Campina Grande,2504009.0,2020-07-08,202028,411807.0,409731.0,False,False,7620,1850.3813699999998,2020-07-08,0.0193,147,104,city,PB,204,6
Campina Grande,2504009.0,2020-07-09,202028,411807.0,409731.0,False,False,7775,1888.0203600000002,2020-07-09,0.0192,149,105,city,PB,155,2
Campina Grande,2504009.0,2020-07-10,202028,411807.0,409731.0,False,False,7969,1935.1298100000001,2020-07-10,0.0189,151,106,city,PB,194,2
Campina Grande,2504009.0,2020-07-11,202028,411807.0,409731.0,False,False,8136,1975.68278,2020-07-11,0.0186,151,107,city,PB,167,0
Campina Grande,2504009.0,2020-07-12,202029,411807.0,409731.0,False,False,8193,1989.52422,2020-07-12,0.0197,161,108,city,PB,57,10
Campina Grande,2504009.0,2020-07-13,202029,411807.0,409731.0,False,False,8200,1991.2240399999998,2020-07-13,0.02,164,109,city,PB,7,3
Campina Grande,2504009.0,2020-07-14,202029,411807.0,409731.0,False,False,8356,2029.1058699999999,2020-07-14,0.0208,174,110,city,PB,156,10
Campina Grande,2504009.0,2020-07-15,202029,411807.0,409731.0,False,False,8511,2066.7448600000002,2020-07-15,0.0216,184,111,city,PB,155,10
Campina Grande,2504009.0,2020-07-16,202029,411807.0,409731.0,False,False,8674,2106.3265100000003,2020-07-16,0.0223,193,112,city,PB,163,9
Campina Grande,2504009.0,2020-07-17,202029,411807.0,409731.0,False,False,8835,2145.42249,2020-07-17,0.0225,199,113,city,PB,161,6
Campina Grande,2504009.0,2020-07-18,202029,411807.0,409731.0,False,False,9050,2197.63141,2020-07-18,0.0222,201,114,city,PB,215,2
Campina Grande,2504009.0,2020-07-19,202030,411807.0,409731.0,False,False,9128,2216.57233,2020-07-19,0.022,201,115,city,PB,78,0
Campina Grande,2504009.0,2020-07-20,202030,411807.0,409731.0,False,False,9157,2223.6144600000002,2020-07-20,0.0222,203,116,city,PB,29,2
Campina Grande,2504009.0,2020-07-21,202030,411807.0,409731.0,False,False,9196,2233.08492,2020-07-21,0.0223,205,117,city,PB,39,2
Campina Grande,2504009.0,2020-07-22,202030,411807.0,409731.0,False,False,9346,2269.50975,2020-07-22,0.022,206,118,city,PB,150,1
Campina Grande,2504009.0,2020-07-23,202030,411807.0,409731.0,False,False,9767,2371.7421,2020-07-23,0.0222,217,119,city,PB,421,11
Campina Grande,2504009.0,2020-07-24,202030,411807.0,409731.0,False,False,9848,2391.4115100000004,2020-07-24,0.0222,219,120,city,PB,81,2
Campina Grande,2504009.0,2020-07-25,202030,411807.0,409731.0,False,False,10008,2430.2646600000003,2020-07-25,0.0219,219,121,city,PB,160,0
Campina Grande,2504009.0,2020-07-26,202031,411807.0,409731.0,False,False,10052,2440.9492800000003,2020-07-26,0.0219,220,122,city,PB,44,1
Campina Grande,2504009.0,2020-07-27,202031,411807.0,409731.0,False,False,10104,2453.57655,2020-07-27,0.0221,223,123,city,PB,52,3
Campina Grande,2504009.0,2020-07-28,202031,411807.0,409731.0,False,False,10197,2476.15995,2020-07-28,0.022,224,124,city,PB,93,1
Campina Grande,2504009.0,2020-07-29,202031,411807.0,409731.0,False,False,10401,2525.69772,2020-07-29,0.0215,224,125,city,PB,204,0
Campina Grande,2504009.0,2020-07-30,202031,411807.0,409731.0,False,False,10532,2557.5087399999998,2020-07-30,0.0215,226,126,city,PB,131,2
Campina Grande,2504009.0,2020-07-31,202031,411807.0,409731.0,False,False,10645,2584.94877,2020-07-31,0.0212,226,127,city,PB,113,0
Campina Grande,2504009.0,2020-08-01,202031,411807.0,409731.0,False,False,10723,2603.88969,2020-08-01,0.0214,229,128,city,PB,78,3
Campina Grande,2504009.0,2020-08-02,202032,411807.0,409731.0,False,False,10747,2609.7176600000003,2020-08-02,0.0214,230,129,city,PB,24,1
Campina Grande,2504009.0,2020-08-03,202032,411807.0,409731.0,False,False,10753,2611.17465,2020-08-03,0.0214,230,130,city,PB,6,0
Campina Grande,2504009.0,2020-08-04,202032,411807.0,409731.0,False,False,10948,2658.52693,2020-08-04,0.0211,231,131,city,PB,195,1
Campina Grande,2504009.0,2020-08-05,202032,411807.0,409731.0,False,False,10982,2666.78323,2020-08-05,0.0216,237,132,city,PB,34,6
Campina Grande,2504009.0,2020-08-06,202032,411807.0,409731.0,False,False,11059,2685.48131,2020-08-06,0.0215,238,133,city,PB,77,1
Campina Grande,2504009.0,2020-08-07,202032,411807.0,409731.0,False,False,11152,2708.0647,2020-08-07,0.0218,243,134,city,PB,93,5
Campina Grande,2504009.0,2020-08-08,202032,411807.0,409731.0,False,False,11207,2721.42047,2020-08-08,0.0218,244,135,city,PB,55,1
Campina Grande,2504009.0,2020-08-09,202033,411807.0,409731.0,False,False,11212,2722.63463,2020-08-09,0.0218,244,136,city,PB,5,0
Campina Grande,2504009.0,2020-08-10,202033,411807.0,409731.0,False,False,11222,2725.06295,2020-08-10,0.0217,244,137,city,PB,10,0
Campina Grande,2504009.0,2020-08-11,202033,411807.0,409731.0,False,False,11379,2763.18761,2020-08-11,0.0219,249,138,city,PB,157,5
Campina Grande,2504009.0,2020-08-12,202033,411807.0,409731.0,False,False,11490,2790.14198,2020-08-12,0.0218,250,139,city,PB,111,1
Campina Grande,2504009.0,2020-08-13,202033,411807.0,409731.0,False,False,11567,2808.84006,2020-08-13,0.0217,251,140,city,PB,77,1
Campina Grande,2504009.0,2020-08-14,202033,411807.0,409731.0,False,False,11640,2826.5668100000003,2020-08-14,0.0217,253,141,city,PB,73,2
Campina Grande,2504009.0,2020-08-15,202033,411807.0,409731.0,False,False,11736,2849.87871,2020-08-15,0.0225,264,142,city,PB,96,11
Campina Grande,2504009.0,2020-08-16,202034,411807.0,409731.0,False,False,11759,2855.46385,2020-08-16,0.0231,272,143,city,PB,23,8
Campina Grande,2504009.0,2020-08-17,202034,411807.0,409731.0,False,False,11776,2859.59199,2020-08-17,0.0233,274,144,city,PB,17,2
Campina Grande,2504009.0,2020-08-18,202034,411807.0,409731.0,False,False,11901,2889.94602,2020-08-18,0.0233,277,145,city,PB,125,3
Campina Grande,2504009.0,2020-08-19,202034,411807.0,409731.0,False,False,11965,2905.4872800000003,2020-08-19,0.0234,280,146,city,PB,64,3
Campina Grande,2504009.0,2020-08-20,202034,411807.0,409731.0,False,False,12036,2922.72837,2020-08-20,0.0236,284,147,city,PB,71,4
Campina Grande,2504009.0,2020-08-21,202034,411807.0,409731.0,False,False,12069,2930.74183,2020-08-21,0.0239,288,148,city,PB,33,4
Campina Grande,2504009.0,2020-08-22,202034,411807.0,409731.0,False,False,12126,2944.5832600000003,2020-08-22,0.024,291,149,city,PB,57,3
Campina Grande,2504009.0,2020-08-23,202035,411807.0,409731.0,False,False,12147,2949.6827399999997,2020-08-23,0.0243,295,150,city,PB,21,4
Campina Grande,2504009.0,2020-08-24,202035,411807.0,409731.0,False,False,12152,2950.8969,2020-08-24,0.0243,295,151,city,PB,5,0
Campina Grande,2504009.0,2020-08-25,202035,411807.0,409731.0,False,False,12178,2957.21054,2020-08-25,0.0244,297,152,city,PB,26,2
Campina Grande,2504009.0,2020-08-26,202035,411807.0,409731.0,False,False,12191,2960.36736,2020-08-26,0.0245,299,153,city,PB,13,2
Campina Grande,2504009.0,2020-08-27,202035,411807.0,409731.0,False,False,12218,2966.92383,2020-08-27,0.0245,299,154,city,PB,27,0
Campina Grande,2504009.0,2020-08-28,202035,411807.0,409731.0,False,False,12231,2970.0806399999997,2020-08-28,0.0244,299,155,city,PB,13,0
Campina Grande,2504009.0,2020-08-29,202035,411807.0,409731.0,False,False,12287,2983.67925,2020-08-29,0.0244,300,156,city,PB,56,1
Campina Grande,2504009.0,2020-08-30,202036,411807.0,409731.0,False,False,12297,2986.10757,2020-08-30,0.0247,304,157,city,PB,10,4
Campina Grande,2504009.0,2020-08-31,202036,411807.0,409731.0,False,False,12303,2987.5645600000003,2020-08-31,0.0248,305,158,city,PB,6,1
Campina Grande,2504009.0,2020-09-01,202036,411807.0,409731.0,False,False,12358,3000.92033,2020-09-01,0.0252,311,159,city,PB,55,6
Campina Grande,2504009.0,2020-09-02,202036,411807.0,409731.0,False,False,12376,3005.29131,2020-09-02,0.0259,321,160,city,PB,18,10
Campina Grande,2504009.0,2020-09-03,202036,411807.0,409731.0,False,False,12403,3011.84778,2020-09-03,0.0262,325,161,city,PB,27,4
Campina Grande,2504009.0,2020-09-04,202036,411807.0,409731.0,False,False,12412,3014.03327,2020-09-04,0.0263,326,162,city,PB,9,1
Campina Grande,2504009.0,2020-09-05,202036,411807.0,409731.0,False,False,12456,3024.71789,2020-09-05,0.0264,329,163,city,PB,44,3
Campina Grande,2504009.0,2020-09-06,202037,411807.0,409731.0,False,False,12460,3025.6892199999998,2020-09-06,0.0267,333,164,city,PB,4,4
Campina Grande,2504009.0,2020-09-07,202037,411807.0,409731.0,False,False,12463,3026.41772,2020-09-07,0.0268,334,165,city,PB,3,1
Campina Grande,2504009.0,2020-09-08,202037,411807.0,409731.0,False,False,12465,3026.90338,2020-09-08,0.027,336,166,city,PB,2,2
Campina Grande,2504009.0,2020-09-09,202037,411807.0,409731.0,False,False,12490,3032.97418,2020-09-09,0.0275,343,167,city,PB,25,7
Campina Grande,2504009.0,2020-09-11,202037,411807.0,409731.0,False,False,12546,3046.5727899999997,2020-09-11,0.0277,348,169,city,PB,0,0
Campina Grande,2504009.0,2020-09-10,202037,411807.0,409731.0,False,False,12546,3046.5727899999997,2020-09-10,0.0277,348,168,city,PB,56,5
Campina Grande,2504009.0,2020-09-12,202037,411807.0,409731.0,False,False,12577,3054.10059,2020-09-12,0.0279,351,170,city,PB,31,3
Campina Grande,2504009.0,2020-09-13,202038,411807.0,409731.0,False,False,12580,3054.82908,2020-09-13,0.0281,354,171,city,PB,3,3
Campina Grande,2504009.0,2020-09-14,202038,411807.0,409731.0,False,False,12585,3056.04324,2020-09-14,0.0283,356,172,city,PB,5,2
Campina Grande,2504009.0,2020-09-15,202038,411807.0,409731.0,False,False,12617,3063.81387,2020-09-15,0.0283,357,173,city,PB,32,1
Campina Grande,2504009.0,2020-09-16,202038,411807.0,409731.0,False,False,12646,3070.85601,2020-09-16,0.0284,359,174,city,PB,29,2
Campina Grande,2504009.0,2020-09-17,202038,411807.0,409731.0,False,False,12710,3086.39727,2020-09-17,0.0285,362,175,city,PB,64,3
Campina Grande,2504009.0,2020-09-18,202038,411807.0,409731.0,False,False,12746,3095.13923,2020-09-18,0.0284,362,176,city,PB,36,0
Campina Grande,2504009.0,2020-09-19,202038,411807.0,409731.0,False,False,12788,3105.33818,2020-09-19,0.0285,365,177,city,PB,42,3
Campina Grande,2504009.0,2020-09-20,202039,411807.0,409731.0,False,False,12802,3108.73783,2020-09-20,0.0285,365,178,city,PB,14,0
Campina Grande,2504009.0,2020-09-21,202039,411807.0,409731.0,False,False,12808,3110.1948199999997,2020-09-21,0.0286,366,179,city,PB,6,1
Campina Grande,2504009.0,2020-09-22,202039,411807.0,409731.0,False,False,12844,3118.93678,2020-09-22,0.0286,367,180,city,PB,36,1
Campina Grande,2504009.0,2020-09-23,202039,411807.0,409731.0,False,False,12899,3132.29255,2020-09-23,0.0285,367,181,city,PB,55,0
Campina Grande,2504009.0,2020-09-24,202039,411807.0,409731.0,False,False,12930,3139.82035,2020-09-24,0.0288,372,182,city,PB,31,5
Campina Grande,2504009.0,2020-09-25,202039,411807.0,409731.0,False,False,13007,3158.51843,2020-09-25,0.0287,373,183,city,PB,77,1
Campina Grande,2504009.0,2020-09-26,202039,411807.0,409731.0,False,False,13036,3165.56057,2020-09-26,0.0288,375,184,city,PB,29,2
Campina Grande,2504009.0,2020-09-27,202040,411807.0,409731.0,False,False,13043,3167.26039,2020-09-27,0.0288,375,185,city,PB,7,0
Campina Grande,2504009.0,2020-09-28,202040,411807.0,409731.0,False,False,13054,3169.93155,2020-09-28,0.0288,376,186,city,PB,11,1
Campina Grande,2504009.0,2020-09-29,202040,411807.0,409731.0,False,False,13098,3180.61616,2020-09-29,0.0289,378,187,city,PB,44,2
Campina Grande,2504009.0,2020-09-30,202040,411807.0,409731.0,False,False,13153,3193.97193,2020-09-30,0.0287,378,188,city,PB,55,0
Campina Grande,2504009.0,2020-10-01,202040,411807.0,409731.0,False,False,13176,3199.55707,2020-10-01,0.0288,379,189,city,PB,23,1
Campina Grande,2504009.0,2020-10-02,202040,411807.0,409731.0,False,False,13196,3204.41372,2020-10-02,0.0288,380,190,city,PB,20,1
Campina Grande,2504009.0,2020-10-03,202040,411807.0,409731.0,False,False,13241,3215.34117,2020-10-03,0.0287,380,191,city,PB,45,0
Campina Grande,2504009.0,2020-10-05,202041,411807.0,409731.0,False,False,13244,3216.06966,2020-10-05,0.0291,385,193,city,PB,-1,1
Campina Grande,2504009.0,2020-10-04,202041,411807.0,409731.0,False,False,13245,3216.3125,2020-10-04,0.029,384,192,city,PB,4,4
Campina Grande,2504009.0,2020-10-06,202041,411807.0,409731.0,False,False,13282,3225.29729,2020-10-06,0.0291,386,194,city,PB,38,1
Campina Grande,2504009.0,2020-10-07,202041,411807.0,409731.0,False,False,13323,3235.2534100000003,2020-10-07,0.0292,389,195,city,PB,41,3
Campina Grande,2504009.0,2020-10-08,202041,411807.0,409731.0,False,False,13354,3242.78121,2020-10-08,0.0291,389,196,city,PB,31,0
Campina Grande,2504009.0,2020-10-09,202041,411807.0,409731.0,False,False,13404,3254.92282,2020-10-09,0.0293,393,197,city,PB,50,4
Campina Grande,2504009.0,2020-10-10,202041,411807.0,409731.0,False,False,13447,3265.3646,2020-10-10,0.0293,394,198,city,PB,43,1
Campina Grande,2504009.0,2020-10-11,202042,411807.0,409731.0,False,False,13464,3269.49275,2020-10-11,0.0293,395,199,city,PB,17,1
Campina Grande,2504009.0,2020-10-12,202042,411807.0,409731.0,False,False,13467,3270.22124,2020-10-12,0.0293,395,200,city,PB,3,0
Campina Grande,2504009.0,2020-10-13,202042,411807.0,409731.0,False,False,13486,3274.8350600000003,2020-10-13,0.0294,397,201,city,PB,19,2
Campina Grande,2504009.0,2020-10-14,202042,411807.0,409731.0,False,False,13511,3280.9058600000003,2020-10-14,0.0294,397,202,city,PB,25,0
Campina Grande,2504009.0,2020-10-15,202042,411807.0,409731.0,False,False,13538,3287.4623300000003,2020-10-15,0.0293,397,203,city,PB,27,0
Campina Grande,2504009.0,2020-10-17,202042,411807.0,409731.0,False,True,13562,3293.2903,2020-10-16,0.0293,397,205,city,PB,0,0
Campina Grande,2504009.0,2020-10-16,202042,411807.0,409731.0,False,False,13562,3293.2903,2020-10-16,0.0293,397,204,city,PB,24,0
Campina Grande,2504009.0,2020-10-18,202043,411807.0,409731.0,False,False,13580,3297.6612800000003,2020-10-18,0.0293,398,206,city,PB,18,1
Campina Grande,2504009.0,2020-10-19,202043,411807.0,409731.0,False,False,13592,3300.57527,2020-10-19,0.0293,398,207,city,PB,12,0
Campina Grande,2504009.0,2020-10-20,202043,411807.0,409731.0,False,False,13635,3311.01705,2020-10-20,0.0292,398,208,city,PB,43,0
Campina Grande,2504009.0,2020-10-21,202043,411807.0,409731.0,False,False,13651,3314.90237,2020-10-21,0.0292,398,209,city,PB,16,0
Campina Grande,2504009.0,2020-10-24,202043,411807.0,409731.0,False,False,13662,3317.57352,2020-10-24,0.0292,399,212,city,PB,0,0
Campina Grande,2504009.0,2020-10-22,202043,411807.0,409731.0,False,False,13662,3317.57352,2020-10-22,0.0292,399,210,city,PB,11,1
Campina Grande,2504009.0,2020-10-23,202043,411807.0,409731.0,False,False,13662,3317.57352,2020-10-23,0.0292,399,211,city,PB,0,0
Campina Grande,2504009.0,2020-10-25,202044,411807.0,409731.0,False,False,13663,3317.8163600000003,2020-10-25,0.0293,400,213,city,PB,1,1
Campina Grande,2504009.0,2020-10-27,202044,411807.0,409731.0,False,True,13719,3331.41496,2020-10-26,0.0292,401,215,city,PB,0,0
Campina Grande,2504009.0,2020-10-26,202044,411807.0,409731.0,False,False,13719,3331.41496,2020-10-26,0.0292,401,214,city,PB,56,1
Campina Grande,2504009.0,2020-10-28,202044,411807.0,409731.0,False,False,13752,3339.4284199999997,2020-10-28,0.0293,403,216,city,PB,33,2
Campina Grande,2504009.0,2020-10-29,202044,411807.0,409731.0,False,False,13763,3342.09958,2020-10-29,0.0293,403,217,city,PB,11,0
Campina Grande,2504009.0,2020-10-30,202044,411807.0,409731.0,False,False,13766,3342.82807,2020-10-30,0.0293,403,218,city,PB,3,0
Campina Grande,2504009.0,2020-10-31,202044,411807.0,409731.0,False,False,13777,3345.49923,2020-10-31,0.0293,404,219,city,PB,11,1
Campina Grande,2504009.0,2020-11-02,202045,411807.0,409731.0,False,True,13779,3345.9848899999997,2020-11-01,0.0293,404,221,city,PB,0,0
Campina Grande,2504009.0,2020-11-01,202045,411807.0,409731.0,False,False,13779,3345.9848899999997,2020-11-01,0.0293,404,220,city,PB,2,0
Campina Grande,2504009.0,2020-11-03,202045,411807.0,409731.0,False,False,13788,3348.17038,2020-11-03,0.0294,406,222,city,PB,9,2
Campina Grande,2504009.0,2020-11-05,202045,411807.0,409731.0,False,True,13802,3351.57003,2020-11-04,0.0295,407,224,city,PB,0,0
Campina Grande,2504009.0,2020-11-04,202045,411807.0,409731.0,False,False,13802,3351.57003,2020-11-04,0.0295,407,223,city,PB,14,1
Campina Grande,2504009.0,2020-11-06,202045,411807.0,409731.0,False,False,13853,3363.95447,2020-11-06,0.0295,408,225,city,PB,51,1
Campina Grande,2504009.0,2020-11-07,202045,411807.0,409731.0,False,False,13865,3366.86846,2020-11-07,0.0294,408,226,city,PB,12,0
Campina Grande,2504009.0,2020-11-08,202046,411807.0,409731.0,False,False,13870,3368.08262,2020-11-08,0.0294,408,227,city,PB,5,0
Campina Grande,2504009.0,2020-11-09,202046,411807.0,409731.0,False,False,13874,3369.05395,2020-11-09,0.0294,408,228,city,PB,4,0
Campina Grande,2504009.0,2020-11-10,202046,411807.0,409731.0,False,False,13879,3370.26811,2020-11-10,0.0295,409,229,city,PB,5,1
Campina Grande,2504009.0,2020-11-12,202046,411807.0,409731.0,False,True,13919,3379.9814,2020-11-11,0.0295,411,231,city,PB,0,0
Campina Grande,2504009.0,2020-11-11,202046,411807.0,409731.0,False,False,13919,3379.9814,2020-11-11,0.0295,411,230,city,PB,40,2
Campina Grande,2504009.0,2020-11-14,202046,411807.0,409731.0,False,True,13973,3393.0943399999996,2020-11-13,0.0295,412,233,city,PB,0,0
Campina Grande,2504009.0,2020-11-13,202046,411807.0,409731.0,False,False,13973,3393.0943399999996,2020-11-13,0.0295,412,232,city,PB,54,1
Campina Grande,2504009.0,2020-11-15,202047,411807.0,409731.0,False,False,13982,3395.2798299999995,2020-11-15,0.0295,412,234,city,PB,9,0
Campina Grande,2504009.0,2020-11-16,202047,411807.0,409731.0,False,False,14075,3417.86322,2020-11-16,0.0293,412,235,city,PB,93,0
Campina Grande,2504009.0,2020-11-17,202047,411807.0,409731.0,False,False,14105,3425.14819,2020-11-17,0.0292,412,236,city,PB,30,0
Campina Grande,2504009.0,2020-11-18,202047,411807.0,409731.0,False,False,14146,3435.10431,2020-11-18,0.0291,412,237,city,PB,41,0
Campina Grande,2504009.0,2020-11-19,202047,411807.0,409731.0,False,False,14172,3441.41795,2020-11-19,0.0291,413,238,city,PB,26,1
Campina Grande,2504009.0,2020-11-21,202047,411807.0,409731.0,False,True,14197,3447.48875,2020-11-20,0.0291,413,240,city,PB,0,0
Campina Grande,2504009.0,2020-11-20,202047,411807.0,409731.0,False,False,14197,3447.48875,2020-11-20,0.0291,413,239,city,PB,25,0
Campina Grande,2504009.0,2020-11-23,202048,411807.0,409731.0,False,True,14265,3464.00134,2020-11-22,0.029,413,242,city,PB,0,0
Campina Grande,2504009.0,2020-11-22,202048,411807.0,409731.0,False,False,14265,3464.00134,2020-11-22,0.029,413,241,city,PB,68,0
Campina Grande,2504009.0,2020-11-24,202048,411807.0,409731.0,False,False,14289,3469.82931,2020-11-24,0.029,415,243,city,PB,24,2
Campina Grande,2504009.0,2020-11-25,202048,411807.0,409731.0,False,False,14329,3479.5426,2020-11-25,0.029,415,244,city,PB,40,0
Campina Grande,2504009.0,2020-11-27,202048,411807.0,409731.0,False,False,14359,3486.8275700000004,2020-11-27,0.0289,415,246,city,PB,0,0
Campina Grande,2504009.0,2020-11-26,202048,411807.0,409731.0,False,False,14359,3486.8275700000004,2020-11-26,0.0289,415,245,city,PB,30,0
Campina Grande,2504009.0,2020-11-28,202048,411807.0,409731.0,False,False,14389,3494.11253,2020-11-28,0.0288,415,247,city,PB,30,0
Campina Grande,2504009.0,2020-11-29,202049,411807.0,409731.0,False,False,14399,3496.54086,2020-11-29,0.0288,415,248,city,PB,10,0
Campina Grande,2504009.0,2020-11-30,202049,411807.0,409731.0,False,False,14403,3497.5121799999997,2020-11-30,0.0289,416,249,city,PB,4,1
Campina Grande,2504009.0,2020-12-01,202049,411807.0,409731.0,False,False,14433,3504.79715,2020-12-01,0.0289,417,250,city,PB,30,1
Campina Grande,2504009.0,2020-12-02,202049,411807.0,409731.0,False,False,14463,3512.0821200000005,2020-12-02,0.0288,417,251,city,PB,30,0
Campina Grande,2504009.0,2020-12-03,202049,411807.0,409731.0,False,False,14502,3521.5525700000003,2020-12-03,0.0288,417,252,city,PB,39,0
Campina Grande,2504009.0,2020-12-04,202049,411807.0,409731.0,False,False,14541,3531.02303,2020-12-04,0.0285,414,253,city,PB,39,-3
Campina Grande,2504009.0,2020-12-05,202049,411807.0,409731.0,False,False,14554,3534.17985,2020-12-05,0.0284,414,254,city,PB,13,0
Campina Grande,2504009.0,2020-12-06,202050,411807.0,409731.0,False,False,14557,3534.90834,2020-12-06,0.0287,418,255,city,PB,3,4
Campina Grande,2504009.0,2020-12-07,202050,411807.0,409731.0,False,False,14566,3537.09383,2020-12-07,0.0289,421,256,city,PB,9,3
Campina Grande,2504009.0,2020-12-08,202050,411807.0,409731.0,False,False,14598,3544.8644600000002,2020-12-08,0.0289,422,257,city,PB,32,1
Campina Grande,2504009.0,2020-12-09,202050,411807.0,409731.0,False,False,14616,3549.23544,2020-12-09,0.0289,422,258,city,PB,18,0
Campina Grande,2504009.0,2020-12-11,202050,411807.0,409731.0,False,True,14652,3557.9774,2020-12-10,0.0288,422,260,city,PB,0,0
Campina Grande,2504009.0,2020-12-10,202050,411807.0,409731.0,False,False,14652,3557.9774,2020-12-10,0.0288,422,259,city,PB,36,0
Campina Grande,2504009.0,2020-12-12,202050,411807.0,409731.0,False,False,14748,3581.2892899999997,2020-12-12,0.0287,424,261,city,PB,96,2
Campina Grande,2504009.0,2020-12-13,202051,411807.0,409731.0,False,False,14754,3582.74629,2020-12-13,0.0287,424,262,city,PB,6,0
Campina Grande,2504009.0,2020-12-14,202051,411807.0,409731.0,False,False,14768,3586.14594,2020-12-14,0.0287,424,263,city,PB,14,0
Campina Grande,2504009.0,2020-12-15,202051,411807.0,409731.0,False,False,14792,3591.97391,2020-12-15,0.0287,425,264,city,PB,24,1
Campina Grande,2504009.0,2020-12-16,202051,411807.0,409731.0,False,False,14850,3606.0581799999995,2020-12-16,0.0288,427,265,city,PB,58,2
Campina Grande,2504009.0,2020-12-17,202051,411807.0,409731.0,False,False,14892,3616.2571299999995,2020-12-17,0.0287,427,266,city,PB,42,0
Campina Grande,2504009.0,2020-12-19,202051,411807.0,409731.0,False,True,14934,3626.45608,2020-12-18,0.0289,432,268,city,PB,0,0
Campina Grande,2504009.0,2020-12-18,202051,411807.0,409731.0,False,False,14934,3626.45608,2020-12-18,0.0289,432,267,city,PB,42,5
Campina Grande,2504009.0,2020-12-22,202052,411807.0,409731.0,False,True,15016,3646.3683200000005,2020-12-20,0.0288,432,271,city,PB,0,0
Campina Grande,2504009.0,2020-12-20,202052,411807.0,409731.0,False,False,15016,3646.3683200000005,2020-12-20,0.0288,432,269,city,PB,82,0
Campina Grande,2504009.0,2020-12-21,202052,411807.0,409731.0,False,True,15016,3646.3683200000005,2020-12-20,0.0288,432,270,city,PB,0,0
Campina Grande,2504009.0,2020-12-23,202052,411807.0,409731.0,False,False,15093,3665.0664,2020-12-23,0.0286,432,272,city,PB,77,0
Campina Grande,2504009.0,2020-12-25,202052,411807.0,409731.0,False,True,15149,3678.66501,2020-12-24,0.0285,432,274,city,PB,0,0
Campina Grande,2504009.0,2020-12-24,202052,411807.0,409731.0,False,False,15149,3678.66501,2020-12-24,0.0285,432,273,city,PB,56,0
Campina Grande,2504009.0,2020-12-26,202052,411807.0,409731.0,False,False,15246,3702.21973,2020-12-26,0.0285,435,275,city,PB,97,3
Campina Grande,2504009.0,2020-12-28,202053,411807.0,409731.0,False,True,15266,3707.07637,2020-12-27,0.0288,439,277,city,PB,0,0
Campina Grande,2504009.0,2020-12-27,202053,411807.0,409731.0,False,False,15266,3707.07637,2020-12-27,0.0288,439,276,city,PB,20,4
Campina Grande,2504009.0,2020-12-30,202053,411807.0,409731.0,False,True,15290,3712.90435,2020-12-29,0.029,443,279,city,PB,0,0
Campina Grande,2504009.0,2020-12-29,202053,411807.0,409731.0,False,False,15290,3712.90435,2020-12-29,0.029,443,278,city,PB,24,4
Campina Grande,2504009.0,2020-12-31,202053,411807.0,409731.0,False,False,15405,3740.83005,2020-12-31,0.029,446,280,city,PB,115,3
Campina Grande,2504009.0,2021-01-01,202053,411807.0,409731.0,False,False,15451,3752.00033,2021-01-01,0.0289,446,281,city,PB,46,0
Campina Grande,2504009.0,2021-01-02,202053,411807.0,409731.0,False,False,15490,3761.47079,2021-01-02,0.029,449,282,city,PB,39,3
Campina Grande,2504009.0,2021-01-03,202101,411807.0,409731.0,False,False,15516,3767.7844200000004,2021-01-03,0.029,450,283,city,PB,26,1
Campina Grande,2504009.0,2021-01-04,202101,411807.0,409731.0,False,False,15533,3771.9125700000004,2021-01-04,0.029,451,284,city,PB,17,1
Campina Grande,2504009.0,2021-01-05,202101,411807.0,409731.0,False,False,15561,3778.71187,2021-01-05,0.0291,453,285,city,PB,28,2
Campina Grande,2504009.0,2021-01-06,202101,411807.0,409731.0,False,False,15640,3797.8956200000002,2021-01-06,0.0291,455,286,city,PB,79,2
Campina Grande,2504009.0,2021-01-07,202101,411807.0,409731.0,False,False,15693,3810.7657200000003,2021-01-07,0.0294,461,287,city,PB,53,6
Campina Grande,2504009.0,2021-01-08,202101,411807.0,409731.0,False,False,15735,3820.9646799999996,2021-01-08,0.0296,465,288,city,PB,42,4
Campina Grande,2504009.0,2021-01-09,202101,411807.0,409731.0,False,False,15765,3828.24964,2021-01-09,0.0295,465,289,city,PB,30,0
Campina Grande,2504009.0,2021-01-11,202102,411807.0,409731.0,False,True,15805,3837.9629299999997,2021-01-10,0.0295,466,291,city,PB,0,0
Campina Grande,2504009.0,2021-01-10,202102,411807.0,409731.0,False,False,15805,3837.9629299999997,2021-01-10,0.0295,466,290,city,PB,40,1
Campina Grande,2504009.0,2021-01-12,202102,411807.0,409731.0,False,False,15894,3859.575,2021-01-12,0.0294,468,292,city,PB,89,2
Campina Grande,2504009.0,2021-01-13,202102,411807.0,409731.0,False,False,15935,3869.53112,2021-01-13,0.0296,471,293,city,PB,41,3
Campina Grande,2504009.0,2021-01-14,202102,411807.0,409731.0,False,False,16027,3891.8716799999997,2021-01-14,0.0296,474,294,city,PB,92,3
Campina Grande,2504009.0,2021-01-15,202102,411807.0,409731.0,False,False,16099,3909.3556,2021-01-15,0.0294,474,295,city,PB,72,0
Campina Grande,2504009.0,2021-01-16,202102,411807.0,409731.0,False,False,16202,3934.36731,2021-01-16,0.0294,476,296,city,PB,103,2
Campina Grande,2504009.0,2021-01-17,202103,411807.0,409731.0,False,False,16314,3961.5645200000004,2021-01-17,0.0293,478,297,city,PB,112,2
Campina Grande,2504009.0,2021-01-18,202103,411807.0,409731.0,False,False,16372,3975.6487899999997,2021-01-18,0.0294,481,298,city,PB,58,3
Campina Grande,2504009.0,2021-01-19,202103,411807.0,409731.0,False,False,16426,3988.7617299999997,2021-01-19,0.0296,486,299,city,PB,54,5
Campina Grande,2504009.0,2021-01-20,202103,411807.0,409731.0,False,False,16489,4004.06015,2021-01-20,0.0298,491,300,city,PB,63,5
Campina Grande,2504009.0,2021-01-21,202103,411807.0,409731.0,False,False,16584,4027.12921,2021-01-21,0.0297,493,301,city,PB,95,2
Campina Grande,2504009.0,2021-01-22,202103,411807.0,409731.0,False,False,16664,4046.55579,2021-01-22,0.0298,496,302,city,PB,80,3
Campina Grande,2504009.0,2021-01-23,202103,411807.0,409731.0,False,False,16757,4069.1391799999997,2021-01-23,0.0298,500,303,city,PB,93,4
Campina Grande,2504009.0,2021-01-24,202104,411807.0,409731.0,False,False,16803,4080.30947,2021-01-24,0.0299,502,304,city,PB,46,2
Campina Grande,2504009.0,2021-01-25,202104,411807.0,409731.0,False,False,16922,4109.2065,2021-01-25,0.0297,503,305,city,PB,119,1
Campina Grande,2504009.0,2021-01-26,202104,411807.0,409731.0,False,False,16939,4113.33464,2021-01-26,0.0297,503,306,city,PB,17,0
Campina Grande,2504009.0,2021-01-27,202104,411807.0,409731.0,False,False,17019,4132.76122,2021-01-27,0.0296,504,307,city,PB,80,1
Campina Grande,2504009.0,2021-01-28,202104,411807.0,409731.0,False,False,17098,4151.94496,2021-01-28,0.0295,505,308,city,PB,79,1
Campina Grande,2504009.0,2021-01-29,202104,411807.0,409731.0,False,False,17171,4169.67172,2021-01-29,0.0295,506,309,city,PB,73,1
Campina Grande,2504009.0,2021-01-30,202104,411807.0,409731.0,False,False,17218,4181.08483,2021-01-30,0.0296,509,310,city,PB,47,3
Campina Grande,2504009.0,2021-01-31,202105,411807.0,409731.0,False,False,17302,4201.48273,2021-01-31,0.0296,512,311,city,PB,84,3
Campina Grande,2504009.0,2021-02-01,202105,411807.0,409731.0,False,False,17346,4212.16735,2021-02-01,0.0296,514,312,city,PB,44,2
Campina Grande,2504009.0,2021-02-02,202105,411807.0,409731.0,False,False,17487,4246.40669,2021-02-02,0.0296,517,313,city,PB,141,3
Campina Grande,2504009.0,2021-02-03,202105,411807.0,409731.0,False,False,17548,4261.21945,2021-02-03,0.0296,520,314,city,PB,61,3
Campina Grande,2504009.0,2021-02-04,202105,411807.0,409731.0,False,False,17572,4267.04743,2021-02-04,0.0296,521,315,city,PB,24,1
Campina Grande,2504009.0,2021-02-05,202105,411807.0,409731.0,False,False,17666,4289.87365,2021-02-05,0.0297,524,316,city,PB,94,3
Campina Grande,2504009.0,2021-02-06,202105,411807.0,409731.0,False,False,17746,4309.30023,2021-02-06,0.0298,528,317,city,PB,80,4
Campina Grande,2504009.0,2021-02-07,202106,411807.0,409731.0,False,False,17787,4319.25635,2021-02-07,0.0298,530,318,city,PB,41,2
Campina Grande,2504009.0,2021-02-08,202106,411807.0,409731.0,False,False,17929,4353.73852,2021-02-08,0.0296,530,319,city,PB,142,0
Campina Grande,2504009.0,2021-02-09,202106,411807.0,409731.0,False,False,18123,4400.847970000001,2021-02-09,0.0293,531,320,city,PB,194,1
Campina Grande,2504009.0,2021-02-10,202106,411807.0,409731.0,False,False,18202,4420.03171,2021-02-10,0.0292,532,321,city,PB,79,1
Campina Grande,2504009.0,2021-02-11,202106,411807.0,409731.0,False,False,18257,4433.387479999999,2021-02-11,0.0292,534,322,city,PB,55,2
Campina Grande,2504009.0,2021-02-12,202106,411807.0,409731.0,False,False,18347,4455.24238,2021-02-12,0.0293,537,323,city,PB,90,3
Campina Grande,2504009.0,2021-02-13,202106,411807.0,409731.0,False,False,18448,4479.76844,2021-02-13,0.0293,540,324,city,PB,101,3
Campina Grande,2504009.0,2021-02-14,202107,411807.0,409731.0,False,False,18498,4491.91005,2021-02-14,0.0293,542,325,city,PB,50,2
Campina Grande,2504009.0,2021-02-15,202107,411807.0,409731.0,False,False,18615,4520.3214100000005,2021-02-15,0.0292,543,326,city,PB,117,1
Campina Grande,2504009.0,2021-02-16,202107,411807.0,409731.0,False,False,18677,4535.37701,2021-02-16,0.0293,547,327,city,PB,62,4
Campina Grande,2504009.0,2021-02-17,202107,411807.0,409731.0,False,False,18765,4556.7462399999995,2021-02-17,0.0293,549,328,city,PB,88,2
Campina Grande,2504009.0,2021-02-18,202107,411807.0,409731.0,False,False,18898,4589.04293,2021-02-18,0.0292,551,329,city,PB,133,2
Campina Grande,2504009.0,2021-02-19,202107,411807.0,409731.0,False,False,19047,4625.224920000001,2021-02-19,0.0292,556,330,city,PB,149,5
Campina Grande,2504009.0,2021-02-20,202107,411807.0,409731.0,False,False,19205,4663.59241,2021-02-20,0.0291,559,331,city,PB,158,3
Campina Grande,2504009.0,2021-02-21,202108,411807.0,409731.0,False,False,19263,4677.67668,2021-02-21,0.0291,560,332,city,PB,58,1
Campina Grande,2504009.0,2021-02-22,202108,411807.0,409731.0,False,False,19451,4723.32913,2021-02-22,0.0289,562,333,city,PB,188,2
Campina Grande,2504009.0,2021-02-23,202108,411807.0,409731.0,False,False,19596,4758.5398,2021-02-23,0.0287,562,334,city,PB,145,0
Campina Grande,2504009.0,2021-02-24,202108,411807.0,409731.0,False,False,19864,4823.618829999999,2021-02-24,0.0283,562,335,city,PB,268,0
Campina Grande,2504009.0,2021-02-25,202108,411807.0,409731.0,False,False,20014,4860.04366,2021-02-25,0.0281,563,336,city,PB,150,1
Campina Grande,2504009.0,2021-02-26,202108,411807.0,409731.0,False,False,20160,4895.49716,2021-02-26,0.028,565,337,city,PB,146,2
Campina Grande,2504009.0,2021-02-27,202108,411807.0,409731.0,False,False,20294,4928.036679999999,2021-02-27,0.0279,566,338,city,PB,134,1
Campina Grande,2504009.0,2021-02-28,202109,411807.0,409731.0,False,False,20435,4962.27602,2021-02-28,0.0278,568,339,city,PB,141,2
Campina Grande,2504009.0,2021-03-01,202109,411807.0,409731.0,False,False,20515,4981.70259,2021-03-01,0.0277,568,340,city,PB,80,0
Campina Grande,2504009.0,2021-03-03,202109,411807.0,409731.0,False,False,20646,5013.51361,2021-03-03,0.0276,570,342,city,PB,0,0
Campina Grande,2504009.0,2021-03-02,202109,411807.0,409731.0,False,False,20646,5013.51361,2021-03-02,0.0276,570,341,city,PB,131,2
Campina Grande,2504009.0,2021-03-05,202109,411807.0,409731.0,False,False,20847,5062.32288,2021-03-05,0.0277,578,344,city,PB,0,0
Campina Grande,2504009.0,2021-03-04,202109,411807.0,409731.0,False,False,20847,5062.32288,2021-03-04,0.0277,578,343,city,PB,201,8
Campina Grande,2504009.0,2021-03-06,202109,411807.0,409731.0,False,False,21043,5109.918,2021-03-06,0.0276,581,345,city,PB,196,3
Campina Grande,2504009.0,2021-03-07,202110,411807.0,409731.0,False,False,21134,5132.01573,2021-03-07,0.0277,585,346,city,PB,91,4
Campina Grande,2504009.0,2021-03-08,202110,411807.0,409731.0,False,False,21274,5166.012229999999,2021-03-08,0.0277,590,347,city,PB,140,5
Campina Grande,2504009.0,2021-03-09,202110,411807.0,409731.0,False,False,21386,5193.20944,2021-03-09,0.0276,591,348,city,PB,112,1
Campina Grande,2504009.0,2021-03-10,202110,411807.0,409731.0,False,False,21498,5220.40665,2021-03-10,0.0277,595,349,city,PB,112,4
Campina Grande,2504009.0,2021-03-11,202110,411807.0,409731.0,False,False,21647,5256.58864,2021-03-11,0.0276,598,350,city,PB,149,3
Campina Grande,2504009.0,2021-03-12,202110,411807.0,409731.0,False,False,21758,5283.54302,2021-03-12,0.0275,599,351,city,PB,111,1
Campina Grande,2504009.0,2021-03-13,202110,411807.0,409731.0,False,False,21864,5309.28323,2021-03-13,0.0275,601,352,city,PB,106,2
Campina Grande,2504009.0,2021-03-14,202111,411807.0,409731.0,False,False,21959,5332.35229,2021-03-14,0.0277,609,353,city,PB,95,8
Campina Grande,2504009.0,2021-03-15,202111,411807.0,409731.0,False,False,22108,5368.53429,2021-03-15,0.0277,613,354,city,PB,149,4
Campina Grande,2504009.0,2021-03-17,202111,411807.0,409731.0,False,True,22188,5387.96087,2021-03-16,0.0278,616,356,city,PB,0,0
Campina Grande,2504009.0,2021-03-16,202111,411807.0,409731.0,False,False,22188,5387.96087,2021-03-16,0.0278,616,355,city,PB,80,3
Campina Grande,2504009.0,2021-03-18,202111,411807.0,409731.0,False,False,22328,5421.95737,2021-03-18,0.0279,623,357,city,PB,140,7
Campina Grande,2504009.0,2021-03-19,202111,411807.0,409731.0,False,False,22407,5441.14112,2021-03-19,0.0279,626,358,city,PB,79,3
Campina Grande,2504009.0,2021-03-20,202111,411807.0,409731.0,False,False,22502,5464.21018,2021-03-20,0.028,631,359,city,PB,95,5
Campina Grande,2504009.0,2021-03-21,202112,411807.0,409731.0,False,False,22569,5480.4799299999995,2021-03-21,0.0281,634,360,city,PB,67,3
Campina Grande,2504009.0,2021-03-22,202112,411807.0,409731.0,False,False,22663,5503.30616,2021-03-22,0.028,635,361,city,PB,94,1
Campina Grande,2504009.0,2021-03-23,202112,411807.0,409731.0,False,False,22706,5513.74795,2021-03-23,0.0281,637,362,city,PB,43,2
Campina Grande,2504009.0,2021-03-24,202112,411807.0,409731.0,False,False,22795,5535.36001,2021-03-24,0.028,638,363,city,PB,89,1
Campina Grande,2504009.0,2021-03-25,202112,411807.0,409731.0,False,False,22941,5570.81351,2021-03-25,0.028,642,364,city,PB,146,4
Campina Grande,2504009.0,2021-03-26,202112,411807.0,409731.0,False,False,23078,5604.081520000001,2021-03-26,0.0279,644,365,city,PB,137,2
Campina Grande,2504009.0,2021-03-27,202112,411807.0,409731.0,False,False,23209,5635.89254,2021-03-27,0.0281,652,366,city,PB,131,8
Campina Grande,2504009.0,2021-03-28,202113,411807.0,409731.0,False,False,23338,5667.2179,2021-03-28,0.0281,655,367,city,PB,129,3
Campina Grande,2504009.0,2021-03-29,202113,411807.0,409731.0,False,False,23448,5693.92944,2021-03-29,0.0281,658,368,city,PB,110,3
Campina Grande,2504009.0,2021-03-30,202113,411807.0,409731.0,False,False,23569,5723.312129999999,2021-03-30,0.0281,662,369,city,PB,121,4
Campina Grande,2504009.0,2021-03-31,202113,411807.0,409731.0,False,False,23682,5750.752170000001,2021-03-31,0.0284,672,370,city,PB,113,10
Campina Grande,2504009.0,2021-04-01,202113,411807.0,409731.0,False,False,23800,5779.406370000001,2021-04-01,0.0284,675,371,city,PB,118,3
Campina Grande,2504009.0,2021-04-02,202113,411807.0,409731.0,False,False,23943,5814.13138,2021-04-02,0.0285,682,372,city,PB,143,7
Campina Grande,2504009.0,2021-04-03,202113,411807.0,409731.0,False,False,24011,5830.64397,2021-04-03,0.0286,687,373,city,PB,68,5
Campina Grande,2504009.0,2021-04-05,202114,411807.0,409731.0,False,True,24151,5864.64047,2021-04-04,0.0286,691,375,city,PB,0,0
Campina Grande,2504009.0,2021-04-04,202114,411807.0,409731.0,False,False,24151,5864.64047,2021-04-04,0.0286,691,374,city,PB,140,4
Campina Grande,2504009.0,2021-04-07,202114,411807.0,409731.0,False,True,24356,5914.42108,2021-04-06,0.0286,696,377,city,PB,0,0
Campina Grande,2504009.0,2021-04-06,202114,411807.0,409731.0,False,False,24356,5914.42108,2021-04-06,0.0286,696,376,city,PB,205,5
Campina Grande,2504009.0,2021-04-08,202114,411807.0,409731.0,False,False,24750,6010.09696,2021-04-08,0.0283,701,378,city,PB,394,5
Campina Grande,2504009.0,2021-04-09,202114,411807.0,409731.0,False,False,24838,6031.4662,2021-04-09,0.0283,702,379,city,PB,88,1
Campina Grande,2504009.0,2021-04-10,202114,411807.0,409731.0,False,False,24902,6047.00746,2021-04-10,0.0285,709,380,city,PB,64,7
Campina Grande,2504009.0,2021-04-11,202115,411807.0,409731.0,False,False,24952,6059.14907,2021-04-11,0.0285,711,381,city,PB,50,2
Campina Grande,2504009.0,2021-04-12,202115,411807.0,409731.0,False,False,25085,6091.44575,2021-04-12,0.0285,715,382,city,PB,133,4
Campina Grande,2504009.0,2021-04-13,202115,411807.0,409731.0,False,False,25193,6117.67163,2021-04-13,0.0285,719,383,city,PB,108,4
Campina Grande,2504009.0,2021-04-14,202115,411807.0,409731.0,False,False,25257,6133.21289,2021-04-14,0.0286,722,384,city,PB,64,3
Campina Grande,2504009.0,2021-04-15,202115,411807.0,409731.0,False,False,25405,6169.15205,2021-04-15,0.0285,725,385,city,PB,148,3
Campina Grande,2504009.0,2021-04-16,202115,411807.0,409731.0,False,False,25492,6190.27846,2021-04-16,0.0285,727,386,city,PB,87,2
Campina Grande,2504009.0,2021-04-17,202115,411807.0,409731.0,False,False,25589,6213.83318,2021-04-17,0.0285,730,387,city,PB,97,3
Campina Grande,2504009.0,2021-04-18,202116,411807.0,409731.0,False,False,25674,6234.47392,2021-04-18,0.0285,731,388,city,PB,85,1
Campina Grande,2504009.0,2021-04-19,202116,411807.0,409731.0,False,False,25718,6245.15853,2021-04-19,0.0285,733,389,city,PB,44,2
Campina Grande,2504009.0,2021-04-20,202116,411807.0,409731.0,False,False,25793,6263.37095,2021-04-20,0.0286,738,390,city,PB,75,5
Campina Grande,2504009.0,2021-04-22,202116,411807.0,409731.0,False,True,25955,6302.70976,2021-04-21,0.0286,742,392,city,PB,0,0
Campina Grande,2504009.0,2021-04-21,202116,411807.0,409731.0,False,False,25955,6302.70976,2021-04-21,0.0286,742,391,city,PB,162,4
Campina Grande,2504009.0,2021-04-23,202116,411807.0,409731.0,False,False,26207,6363.90348,2021-04-23,0.0287,751,393,city,PB,252,9
Campina Grande,2504009.0,2021-04-24,202116,411807.0,409731.0,False,False,26273,6379.9304,2021-04-24,0.0287,753,394,city,PB,66,2
Campina Grande,2504009.0,2021-04-25,202117,411807.0,409731.0,False,False,26338,6395.7145,2021-04-25,0.0288,758,395,city,PB,65,5
Campina Grande,2504009.0,2021-04-26,202117,411807.0,409731.0,False,False,26442,6420.96905,2021-04-26,0.0289,763,396,city,PB,104,5
Campina Grande,2504009.0,2021-04-27,202117,411807.0,409731.0,False,False,26494,6433.596320000001,2021-04-27,0.0289,767,397,city,PB,52,4
Campina Grande,2504009.0,2021-04-28,202117,411807.0,409731.0,False,False,26545,6445.98076,2021-04-28,0.029,770,398,city,PB,51,3
Campina Grande,2504009.0,2021-04-29,202117,411807.0,409731.0,False,False,26624,6465.1645100000005,2021-04-29,0.029,771,399,city,PB,79,1
Campina Grande,2504009.0,2021-04-30,202117,411807.0,409731.0,False,False,26733,6491.633220000001,2021-04-30,0.0289,773,400,city,PB,109,2
Campina Grande,2504009.0,2021-05-01,202117,411807.0,409731.0,False,False,26792,6505.96032,2021-05-01,0.0289,775,401,city,PB,59,2
Campina Grande,2504009.0,2021-05-02,202118,411807.0,409731.0,False,False,26840,6517.61626,2021-05-02,0.0289,776,402,city,PB,48,1
Campina Grande,2504009.0,2021-05-03,202118,411807.0,409731.0,False,False,26906,6533.64319,2021-05-03,0.029,779,403,city,PB,66,3
Campina Grande,2504009.0,2021-05-04,202118,411807.0,409731.0,False,False,26968,6548.69878,2021-05-04,0.0288,778,404,city,PB,62,-1
Campina Grande,2504009.0,2021-05-05,202118,411807.0,409731.0,False,False,26998,6555.98375,2021-05-05,0.0288,778,405,city,PB,30,0
Campina Grande,2504009.0,2021-05-06,202118,411807.0,409731.0,False,False,27055,6569.82519,2021-05-06,0.0288,779,406,city,PB,57,1
Campina Grande,2504009.0,2021-05-07,202118,411807.0,409731.0,False,False,27121,6585.85211,2021-05-07,0.0289,784,407,city,PB,66,5
Campina Grande,2504009.0,2021-05-08,202118,411807.0,409731.0,False,False,27221,6610.13533,2021-05-08,0.0289,787,408,city,PB,100,3
Campina Grande,2504009.0,2021-05-09,202119,411807.0,409731.0,False,False,27272,6622.51977,2021-05-09,0.0291,793,409,city,PB,51,6
Campina Grande,2504009.0,2021-05-10,202119,411807.0,409731.0,False,False,27304,6630.2904,2021-05-10,0.0292,797,410,city,PB,32,4
Campina Grande,2504009.0,2021-05-11,202119,411807.0,409731.0,False,False,27335,6637.8182,2021-05-11,0.0293,802,411,city,PB,31,5
Campina Grande,2504009.0,2021-05-12,202119,411807.0,409731.0,False,False,27391,6651.4168,2021-05-12,0.0296,811,412,city,PB,56,9
Campina Grande,2504009.0,2021-05-14,202119,411807.0,409731.0,False,True,27443,6664.04408,2021-05-13,0.0298,819,414,city,PB,0,0
Campina Grande,2504009.0,2021-05-13,202119,411807.0,409731.0,False,False,27443,6664.04408,2021-05-13,0.0298,819,413,city,PB,52,8
Campina Grande,2504009.0,2021-05-15,202119,411807.0,409731.0,False,False,27654,6715.28167,2021-05-15,0.0301,833,415,city,PB,211,14
Campina Grande,2504009.0,2021-05-16,202120,411807.0,409731.0,False,False,27737,6735.43675,2021-05-16,0.0301,834,416,city,PB,83,1
Campina Grande,2504009.0,2021-05-17,202120,411807.0,409731.0,False,False,27827,6757.29164,2021-05-17,0.0303,844,417,city,PB,90,10
Campina Grande,2504009.0,2021-05-18,202120,411807.0,409731.0,False,False,27905,6776.2325599999995,2021-05-18,0.0304,847,418,city,PB,78,3
Campina Grande,2504009.0,2021-05-19,202120,411807.0,409731.0,False,False,27945,6785.94584,2021-05-19,0.0303,848,419,city,PB,40,1
Campina Grande,2504009.0,2021-05-20,202120,411807.0,409731.0,False,False,28063,6814.60004,2021-05-20,0.0303,850,420,city,PB,118,2
Campina Grande,2504009.0,2021-05-21,202120,411807.0,409731.0,False,False,28122,6828.927140000001,2021-05-21,0.0304,855,421,city,PB,59,5
Campina Grande,2504009.0,2021-05-22,202120,411807.0,409731.0,False,False,28221,6852.96753,2021-05-22,0.0304,858,422,city,PB,99,3
Campina Grande,2504009.0,2021-05-23,202121,411807.0,409731.0,False,False,28295,6870.93711,2021-05-23,0.0304,859,423,city,PB,74,1
Campina Grande,2504009.0,2021-05-24,202121,411807.0,409731.0,False,False,28381,6891.82068,2021-05-24,0.0304,863,424,city,PB,86,4
Campina Grande,2504009.0,2021-05-25,202121,411807.0,409731.0,False,False,28480,6915.86107,2021-05-25,0.0304,865,425,city,PB,99,2
Campina Grande,2504009.0,2021-05-26,202121,411807.0,409731.0,False,False,28661,6959.8137,2021-05-26,0.0303,869,426,city,PB,181,4
Campina Grande,2504009.0,2021-05-27,202121,411807.0,409731.0,False,False,28745,6980.2116,2021-05-27,0.0304,873,427,city,PB,84,4
Campina Grande,2504009.0,2021-05-28,202121,411807.0,409731.0,False,False,28966,7033.87752,2021-05-28,0.0303,878,428,city,PB,221,5
Campina Grande,2504009.0,2021-05-29,202121,411807.0,409731.0,False,False,29080,7061.560390000001,2021-05-29,0.0303,880,429,city,PB,114,2
Campina Grande,2504009.0,2021-05-30,202122,411807.0,409731.0,False,False,29162,7081.472629999999,2021-05-30,0.0304,887,430,city,PB,82,7
Campina Grande,2504009.0,2021-05-31,202122,411807.0,409731.0,False,False,29294,7113.5264799999995,2021-05-31,0.0304,892,431,city,PB,132,5
Campina Grande,2504009.0,2021-06-01,202122,411807.0,409731.0,False,False,29465,7155.05079,2021-06-01,0.0304,896,432,city,PB,171,4
Campina Grande,2504009.0,2021-06-02,202122,411807.0,409731.0,False,False,29633,7195.8466,2021-06-02,0.0304,901,433,city,PB,168,5
Campina Grande,2504009.0,2021-06-03,202122,411807.0,409731.0,False,False,29951,7273.06724,2021-06-03,0.0302,904,434,city,PB,318,3
Campina Grande,2504009.0,2021-06-04,202122,411807.0,409731.0,False,False,30207,7335.232279999999,2021-06-04,0.03,907,435,city,PB,256,3
Campina Grande,2504009.0,2021-06-05,202122,411807.0,409731.0,False,False,30468,7398.61149,2021-06-05,0.03,914,436,city,PB,261,7
Campina Grande,2504009.0,2021-06-06,202123,411807.0,409731.0,False,False,30698,7454.462890000001,2021-06-06,0.03,920,437,city,PB,230,6
Campina Grande,2504009.0,2021-06-07,202123,411807.0,409731.0,False,False,30936,7512.25696,2021-06-07,0.0298,922,438,city,PB,238,2
Campina Grande,2504009.0,2021-06-08,202123,411807.0,409731.0,False,False,31021,7532.897690000001,2021-06-08,0.0298,923,439,city,PB,85,1
Campina Grande,2504009.0,2021-06-09,202123,411807.0,409731.0,False,False,31118,7556.4524200000005,2021-06-09,0.0298,928,440,city,PB,97,5
Campina Grande,2504009.0,2021-06-10,202123,411807.0,409731.0,False,False,31725,7703.851559999999,2021-06-10,0.0295,936,441,city,PB,607,8
Campina Grande,2504009.0,2021-06-12,202123,411807.0,409731.0,False,True,32006,7772.087409999999,2021-06-11,0.0295,943,443,city,PB,0,0
Campina Grande,2504009.0,2021-06-11,202123,411807.0,409731.0,False,False,32006,7772.087409999999,2021-06-11,0.0295,943,442,city,PB,281,7
Campina Grande,2504009.0,2021-06-13,202124,411807.0,409731.0,False,False,32478,7886.704209999999,2021-06-13,0.0294,954,444,city,PB,472,11
Campina Grande,2504009.0,2021-06-14,202124,411807.0,409731.0,False,False,32847,7976.30929,2021-06-14,0.0293,963,445,city,PB,369,9
Campina Grande,2504009.0,2021-06-15,202124,411807.0,409731.0,False,False,33109,8039.931329999999,2021-06-15,0.0292,966,446,city,PB,262,3
Campina Grande,2504009.0,2021-06-17,202124,411807.0,409731.0,False,True,33371,8103.553359999999,2021-06-16,0.029,969,448,city,PB,0,0
Campina Grande,2504009.0,2021-06-16,202124,411807.0,409731.0,False,False,33371,8103.553359999999,2021-06-16,0.029,969,447,city,PB,262,3
Campina Grande,2504009.0,2021-06-18,202124,411807.0,409731.0,False,False,33666,8175.188859999999,2021-06-18,0.0289,972,449,city,PB,295,3
Campina Grande,2504009.0,2021-06-19,202124,411807.0,409731.0,False,False,34214,8308.260909999999,2021-06-19,0.0286,978,450,city,PB,548,6
Campina Grande,2504009.0,2021-06-20,202125,411807.0,409731.0,False,False,34496,8376.739590000001,2021-06-20,0.0285,984,451,city,PB,282,6
Campina Grande,2504009.0,2021-06-21,202125,411807.0,409731.0,False,False,34639,8411.464590000001,2021-06-21,0.0285,987,452,city,PB,143,3
Campina Grande,2504009.0,2021-06-22,202125,411807.0,409731.0,False,False,34836,8459.30254,2021-06-22,0.0284,990,453,city,PB,197,3
Campina Grande,2504009.0,2021-06-23,202125,411807.0,409731.0,False,False,35106,8524.86723,2021-06-23,0.0282,991,454,city,PB,270,1
Campina Grande,2504009.0,2021-06-24,202125,411807.0,409731.0,False,False,35309,8574.16217,2021-06-24,0.0282,994,455,city,PB,203,3
Campina Grande,2504009.0,2021-06-25,202125,411807.0,409731.0,False,False,35652,8657.453609999999,2021-06-25,0.028,997,456,city,PB,343,3
Campina Grande,2504009.0,2021-06-26,202125,411807.0,409731.0,False,False,35971,8734.91708,2021-06-26,0.0278,999,457,city,PB,319,2
Campina Grande,2504009.0,2021-06-27,202126,411807.0,409731.0,False,False,36307,8816.5087,2021-06-27,0.0276,1002,458,city,PB,336,3
Campina Grande,2504009.0,2021-06-28,202126,411807.0,409731.0,False,False,36513,8866.532140000001,2021-06-28,0.0275,1003,459,city,PB,206,1
Campina Grande,2504009.0,2021-06-29,202126,411807.0,409731.0,False,False,36885,8956.86572,2021-06-29,0.0273,1007,460,city,PB,372,4
Campina Grande,2504009.0,2021-06-30,202126,411807.0,409731.0,False,False,37074,9002.761,2021-06-30,0.0272,1008,461,city,PB,189,1
Campina Grande,2504009.0,2021-07-01,202126,411807.0,409731.0,False,False,37159,9023.401740000001,2021-07-01,0.0272,1010,462,city,PB,85,2
Campina Grande,2504009.0,2021-07-02,202126,411807.0,409731.0,False,False,37345,9068.56853,2021-07-02,0.0272,1014,463,city,PB,186,4
Campina Grande,2504009.0,2021-07-03,202126,411807.0,409731.0,False,False,37577,9124.9056,2021-07-03,0.0271,1017,464,city,PB,232,3
Campina Grande,2504009.0,2021-07-04,202127,411807.0,409731.0,False,False,37796,9178.08585,2021-07-04,0.027,1019,465,city,PB,219,2
Campina Grande,2504009.0,2021-07-05,202127,411807.0,409731.0,False,False,37883,9199.21225,2021-07-05,0.0269,1018,466,city,PB,87,-1
Campina Grande,2504009.0,2021-07-06,202127,411807.0,409731.0,False,False,37932,9211.11103,2021-07-06,0.0269,1022,467,city,PB,49,4
Campina Grande,2504009.0,2021-07-07,202127,411807.0,409731.0,False,False,38146,9263.07712,2021-07-07,0.0269,1027,468,city,PB,214,5
Campina Grande,2504009.0,2021-07-08,202127,411807.0,409731.0,False,False,38292,9298.53062,2021-07-08,0.0269,1029,469,city,PB,146,2
Campina Grande,2504009.0,2021-07-09,202127,411807.0,409731.0,False,False,38437,9333.74129,2021-07-09,0.0268,1031,470,city,PB,145,2
Campina Grande,2504009.0,2021-07-10,202127,411807.0,409731.0,False,False,38628,9380.12224,2021-07-10,0.0267,1033,471,city,PB,191,2
Campina Grande,2504009.0,2021-07-11,202128,411807.0,409731.0,False,False,38744,9408.29078,2021-07-11,0.0267,1034,472,city,PB,116,1
Campina Grande,2504009.0,2021-07-12,202128,411807.0,409731.0,False,False,38824,9427.71735,2021-07-12,0.0266,1034,473,city,PB,80,0
Campina Grande,2504009.0,2021-07-13,202128,411807.0,409731.0,False,False,38826,9428.20302,2021-07-13,0.0266,1034,474,city,PB,2,0
Campina Grande,2504009.0,2021-07-14,202128,411807.0,409731.0,False,False,39016,9474.34114,2021-07-14,0.0266,1037,475,city,PB,190,3
Campina Grande,2504009.0,2021-07-15,202128,411807.0,409731.0,False,False,39214,9522.42191,2021-07-15,0.0265,1039,476,city,PB,198,2
Campina Grande,2504009.0,2021-07-17,202128,411807.0,409731.0,False,True,39352,9555.93275,2021-07-16,0.0264,1040,478,city,PB,0,0
Campina Grande,2504009.0,2021-07-16,202128,411807.0,409731.0,False,False,39352,9555.93275,2021-07-16,0.0264,1040,477,city,PB,138,1
Campina Grande,2504009.0,2021-07-18,202129,411807.0,409731.0,False,False,39619,9620.76895,2021-07-18,0.0263,1041,479,city,PB,267,1
Campina Grande,2504009.0,2021-07-19,202129,411807.0,409731.0,False,False,39681,9635.82455,2021-07-19,0.0263,1043,480,city,PB,62,2
Campina Grande,2504009.0,2021-07-20,202129,411807.0,409731.0,False,False,39763,9655.73679,2021-07-20,0.0263,1044,481,city,PB,82,1
Campina Grande,2504009.0,2021-07-21,202129,411807.0,409731.0,False,False,39843,9675.16337,2021-07-21,0.0262,1043,482,city,PB,80,-1
Campina Grande,2504009.0,2021-07-24,202129,411807.0,409731.0,False,True,40058,9727.372290000001,2021-07-22,0.0261,1045,485,city,PB,0,0
Campina Grande,2504009.0,2021-07-22,202129,411807.0,409731.0,False,False,40058,9727.372290000001,2021-07-22,0.0261,1045,483,city,PB,215,2
Campina Grande,2504009.0,2021-07-23,202129,411807.0,409731.0,False,True,40058,9727.372290000001,2021-07-22,0.0261,1045,484,city,PB,0,0
Campina Grande,2504009.0,2021-07-28,202130,411807.0,409731.0,False,True,40394,9808.963909999999,2021-07-25,0.0261,1053,489,city,PB,0,0
Campina Grande,2504009.0,2021-07-25,202130,411807.0,409731.0,False,False,40394,9808.963909999999,2021-07-25,0.0261,1053,486,city,PB,336,8
Campina Grande,2504009.0,2021-07-26,202130,411807.0,409731.0,False,True,40394,9808.963909999999,2021-07-25,0.0261,1053,487,city,PB,0,0
Campina Grande,2504009.0,2021-07-27,202130,411807.0,409731.0,False,True,40394,9808.963909999999,2021-07-25,0.0261,1053,488,city,PB,0,0
Campina Grande,2504009.0,2021-07-29,202130,411807.0,409731.0,False,False,40780,9902.69714,2021-07-29,0.0259,1058,490,city,PB,386,5
Campina Grande,2504009.0,2021-07-30,202130,411807.0,409731.0,False,False,40917,9935.96515,2021-07-30,0.0259,1058,491,city,PB,137,0
Campina Grande,2504009.0,2021-07-31,202130,411807.0,409731.0,False,False,41009,9958.305709999999,2021-07-31,0.0258,1059,492,city,PB,92,1
Campina Grande,2504009.0,2021-08-03,202131,411807.0,409731.0,False,True,41105,9981.6176,2021-08-01,0.0258,1059,495,city,PB,0,0
Campina Grande,2504009.0,2021-08-01,202131,411807.0,409731.0,False,False,41105,9981.6176,2021-08-01,0.0258,1059,493,city,PB,96,0
Campina Grande,2504009.0,2021-08-02,202131,411807.0,409731.0,False,True,41105,9981.6176,2021-08-01,0.0258,1059,494,city,PB,0,0
Campina Grande,2504009.0,2021-08-04,202131,411807.0,409731.0,False,False,41273,10022.41341,2021-08-04,0.0257,1062,496,city,PB,168,3
Campina Grande,2504009.0,2021-08-07,202131,411807.0,409731.0,False,True,41387,10050.09628,2021-08-05,0.0257,1063,499,city,PB,0,0
Campina Grande,2504009.0,2021-08-05,202131,411807.0,409731.0,False,False,41387,10050.09628,2021-08-05,0.0257,1063,497,city,PB,114,1
Campina Grande,2504009.0,2021-08-06,202131,411807.0,409731.0,False,True,41387,10050.09628,2021-08-05,0.0257,1063,498,city,PB,0,0
Campina Grande,2504009.0,2021-08-12,202132,411807.0,409731.0,False,True,41599,10101.57671,2021-08-08,0.0257,1068,504,city,PB,0,0
Campina Grande,2504009.0,2021-08-08,202132,411807.0,409731.0,True,False,41599,10101.57671,2021-08-08,0.0257,1068,500,city,PB,212,5
Campina Grande,2504009.0,2021-08-09,202132,411807.0,409731.0,False,True,41599,10101.57671,2021-08-08,0.0257,1068,501,city,PB,0,0
Campina Grande,2504009.0,2021-08-10,202132,411807.0,409731.0,False,True,41599,10101.57671,2021-08-08,0.0257,1068,502,city,PB,0,0
Campina Grande,2504009.0,2021-08-11,202132,411807.0,409731.0,False,True,41599,10101.57671,2021-08-08,0.0257,1068,503,city,PB,0,0
